Workbook

Sheet Уроки
A1: User ID | B1: ID Class | C1: Class Start Date Time | D1: Class End Date Time | E1: Class Removed Date Time | F1: ID Teacher | G1: Class Status | H1: Class Status Date Time | I1: Class Type | J1: Class Duration
A2: 325348 | B2: 3036485 | C2: 42465.444 | D2: 42465.427 | F2: 47743 | G2: success | H2: 42465.555 | I2: regular | J2: -24.683333
A3: 250209585 | B3: 3042917 | C3: 42469.608 | D3: 42469.619 | F3: 51564 | G3: success | H3: 42469.625 | I3: regular | J3: 15.433333
A4: 518406438 | B4: 3074966 | C4: 42491.763 | D4: 42491.825 | F4: 26896 | G4: failed_by_student | H4: 42491.514 | I4: regular | J4: 89.3
A5: 666791637 | B5: 3103245 | C5: 42511.422 | D5: 42511.483 | F5: 51450 | G5: canceled_by_student | H5: 42512.234 | I5: regular | J5: 88.7
A6: 310771064 | B6: 3123907 | C6: 42525.455 | D6: 42525.454 | F6: 19513 | G6: success | H6: 42525.478 | I6: regular | J6: -1.05
A7: 820726831 | B7: 3137396 | C7: 42534.825 | D7: 42534.837 | F7: 45226 | G7: success | H7: 42535.341 | I7: regular | J7: 16.283333
A8: 87910119 | B8: 3142195 | C8: 42537.296 | D8: 42537.36 | F8: 46409 | G8: canceled_by_student | H8: 42537.587 | I8: regular | J8: 90.983333
A9: 557318231 | B9: 3163558 | C9: 42551.623 | D9: 42551.612 | F9: 16064 | G9: success | H9: 42551.796 | I9: regular | J9: -16.1
A10: 378031781 | B10: 3165081 | C10: 42552.925 | D10: 42552.95 | E10: 42552.671 | F10: 54349 | I10: regular | J10: 36.916667
A11: 819834854 | B11: 3179696 | C11: 42562.914 | D11: 42562.938 | F11: 62525 | G11: canceled_by_teacher | H11: 42562.979 | I11: regular | J11: 34.55
A12: 53930100 | B12: 3190831 | C12: 42570.739 | D12: 42570.757 | F12: 46401 | G12: success | H12: 42571.807 | I12: regular | J12: 27.05
A13: 577136653 | B13: 3393876 | C13: 42706.742 | D13: 42706.765 | F13: 73877 | G13: canceled_by_student | H13: 42707.632 | I13: single | J13: 33.466667
A14: 820269817 | B14: 3491015 | C14: 42733.853 | D14: 42733.831 | F14: 129840 | G14: failed_by_student | H14: 42733.931 | I14: single | J14: -31.833333
A15: 812848522 | B15: 3517332 | C15: 42748.424 | D15: 42748.463 | F15: 22703 | G15: canceled_by_student | H15: 42748.647 | I15: single | J15: 56.6
A16: 702993006 | B16: 3702595 | C16: 42823.712 | D16: 42823.786 | F16: 62526 | G16: success | H16: 42823.829 | I16: single | J16: 107.06667
A17: 275505680 | B17: 4493327 | C17: 43015.955 | D17: 43015.972 | F17: 26745 | G17: success | H17: 43016.42 | I17: single | J17: 23.716667
A18: 265631576 | B18: 3017789 | C18: 42452.562 | D18: 42452.577 | F18: 51907 | G18: canceled_by_teacher | H18: 42452.584 | I18: single | J18: 22.4
A19: 312890749 | B19: 3051957 | C19: 42478.436 | D19: 42478.457 | F19: 52940 | G19: success | H19: 42478.425 | I19: single | J19: 31.283333
A20: 812848522 | B20: 3459655 | C20: 42723.499 | D20: 42723.504 | F20: 22703 | G20: success | H20: 42723.543 | I20: single | J20: 7.2333333
A21: 825271993 | B21: 3481219 | C21: 42731.801 | D21: 42731.854 | F21: 37836 | G21: success | H21: 42731.832 | I21: single | J21: 75.516667
A22: 735566020 | B22: 3641656 | C22: 42824.847 | D22: 42824.922 | E22: 42810.555 | F22: 52344 | I22: single | J22: 108.6
A23: 459374225 | B23: 3744356 | C23: 42829.91 | D23: 42829.922 | F23: 74354 | G23: success | H23: 42829.957 | I23: single | J23: 17.45
A24: 750711381 | B24: 3770985 | C24: 42836.586 | D24: 42836.605 | F24: 155465 | G24: failed_by_student | H24: 42836.644 | I24: single | J24: 26.95
A25: 354074093 | B25: 4183165 | C25: 42944.828 | D25: 42944.821 | F25: 44903 | G25: success | H25: 42944.854 | I25: single | J25: -8.7333333
A26: 312890749 | B26: 4234049 | C26: 42958.425 | D26: 42958.457 | F26: 52940 | G26: success | H26: 42958.447 | I26: single | J26: 45.183333
A27: 363117914 | B27: 4240904 | C27: 42958.835 | D27: 42958.872 | F27: 121144 | G27: success | H27: 42958.921 | I27: single | J27: 54
A28: 460717125 | B28: 4279632 | C28: 42967.474 | D28: 42967.466 | F28: 138716 | G28: canceled_by_teacher | H28: 42968.441 | I28: single | J28: -10.7
A29: 646897024 | B29: 4394006 | C29: 42994.387 | D29: 42994.463 | E29: 42995.859 | F29: 15605 | G29: moved | H29: 42995.916 | I29: single | J29: 110.01667
A30: 601916433 | B30: 4441033 | C30: 43023.59 | D30: 43023.639 | E30: 43018.383 | F30: 193004 | I30: single | J30: 69.833333
A31: 564082971 | B31: 3090259 | C31: 42509.502 | D31: 42509.563 | F31: 25849 | G31: success | H31: 42509.562 | I31: single | J31: 87.416667
A32: 60655363 | B32: 3212863 | C32: 42585.886 | D32: 42585.949 | F32: 67856 | G32: success | H32: 42585.946 | I32: single | J32: 91.033333
A33: 148765721 | B33: 3359784 | C33: 42674.405 | D33: 42674.431 | F33: 96432 | G33: success | H33: 42674.42 | I33: single | J33: 37.25
A34: 8787726 | B34: 3442252 | C34: 42714.783 | D34: 42714.837 | F34: 58745 | G34: failed_by_student | H34: 42714.529 | I34: single | J34: 77.1
A35: 355869457 | B35: 3512712 | C35: 42744.8 | D35: 42744.841 | F35: 142140 | G35: success | H35: 42744.849 | I35: single | J35: 59.15
A36: 354313060 | B36: 3526322 | C36: 42752.845 | D36: 42752.95 | F36: 24333 | G36: success | H36: 42752.921 | I36: single | J36: 151.91667
A37: 527459900 | B37: 3602433 | C37: 42781.924 | D37: 42781.952 | F37: 72684 | G37: success | H37: 42781.96 | I37: single | J37: 39.916667
A38: 848130149 | B38: 3830803 | C38: 42858.498 | D38: 42858.509 | F38: 82975 | G38: success | H38: 42858.456 | I38: single | J38: 14.983333
A39: 117173613 | B39: 3915243 | C39: 42877.364 | D39: 42877.365 | F39: 322426 | G39: success | H39: 42877.352 | I39: single | J39: 0.78333334
A40: 381283784 | B40: 4082049 | C40: 42917.341 | D40: 42917.402 | F40: 52049 | G40: canceled_by_student | H40: 42918.452 | I40: single | J40: 86.85
A41: 346821870 | B41: 4265743 | C41: 42964.792 | D41: 42964.902 | F41: 158334 | G41: success | H41: 42964.908 | I41: single | J41: 158.73333
A42: 312890749 | B42: 4640298 | C42: 43047.439 | D42: 43047.497 | F42: 52940 | G42: success | H42: 43047.459 | I42: single | J42: 84.566667
... A58: 170537679 | B58: 3550829 | C58: 42761.395 | D58: 42761.415 | F58: 102026 | G58: success | H58: 42761.487 | I58: single | J58: 29.45
A59: 225922946 | B59: 3544200 | C59: 42762.512 | D59: 42762.557 | E59: 42758.558 | F59: 11331 | I59: single | J59: 64.816667
A60: 540568062 | B60: 3594802 | C60: 42779.434 | D60: 42779.517 | F60: 45420 | G60: success | H60: 42779.504 | I60: single | J60: 119.66667
A61: 360525108 | B61: 3612706 | C61: 42785.74 | D61: 42785.759 | F61: 209334 | G61: canceled_by_student | H61: 42785.821 | I61: single | J61: 26.866667
A62: 184811673 | B62: 3819498 | C62: 42851.399 | D62: 42851.415 | F62: 52017 | G62: success | H62: 42851.458 | I62: single | J62: 22.466667
A63: 591700300 | B63: 3953761 | C63: 42885.795 | D63: 42885.791 | F63: 72690 | G63: success | H63: 42885.869 | I63: single | J63: -4.7166667
A64: 293308683 | B64: 3965424 | C64: 42890.494 | D64: 42890.507 | F64: 52264 | G64: success | H64: 42890.514 | I64: single | J64: 18.683333
A65: 63547622 | B65: 4136889 | C65: 42936.363 | D65: 42936.383 | F65: 377798 | G65: success | H65: 42936.404 | I65: single | J65: 28.5
A66: 186789343 | B66: 4928825 | C66: 43090.442 | D66: 43090.447 | E66: 43090.117 | F66: 47996 | I66: single | J66: 6.9
A67: 804442294 | B67: 3080169 | C67: 42495.961 | D67: 42495.994 | E67: 42495.567 | F67: 49344 | I67: single | J67: 47.866667
A68: 24376279 | B68: 3244183 | C68: 42607.272 | D68: 42607.381 | F68: 55935 | G68: success | H68: 42607.418 | I68: single | J68: 156.8
A69: 800427496 | B69: 3338270 | C69: 42667.47 | D69: 42667.476 | F69: 44084 | G69: success | H69: 42667.539 | I69: single | J69: 9.5833333
A70: 564082971 | B70: 3423356 | C70: 42703.426 | D70: 42703.45 | F70: 25849 | G70: success | H70: 42703.52 | I70: single | J70: 34.25
A71: 360909499 | B71: 3539212 | C71: 42760.655 | D71: 42760.641 | F71: 27457 | G71: success | H71: 42761.27 | I71: single | J71: -21.4
A72: 646897024 | B72: 3730865 | C72: 42824.365 | D72: 42824.375 | F72: 15605 | G72: success | H72: 42824.426 | I72: single | J72: 14.483333
A73: 129358606 | B73: 3795802 | C73: 42849.399 | D73: 42849.424 | F73: 67832 | G73: success | H73: 42849.891 | I73: single | J73: 35.883333
A74: 1984910 | B74: 4471768 | C74: 43010.483 | D74: 43010.572 | F74: 52252 | G74: success | H74: 43010.617 | I74: single | J74: 127.35
A75: 206750300 | B75: 4646142 | C75: 43045.411 | D75: 43045.414 | F75: 81376 | G75: success | H75: 43045.473 | I75: single | J75: 4.3
A76: 129329224 | B76: 4818697 | C76: 43072.9 | D76: 43072.992 | E76: 43072.897 | F76: 44845 | G76: moved | H76: 43072.894 | I76: single | J76: 132.26667
A77: 184811673 | B77: 4805755 | C77: 43089.401 | D77: 43089.45 | E77: 43088.904 | F77: 52017 | I77: single | J77: 71.4
A78: 80564521 | B78: 2993416 | C78: 42428.412 | D78: 42428.447 | F78: 49340 | G78: canceled_by_teacher | H78: 42433.549 | I78: single | J78: 50.516667
A79: 557651982 | B79: 3017744 | C79: 42454.399 | D79: 42454.414 | E79: 42451.741 | F79: 52373 | I79: single | J79: 21.733333
A80: 459374225 | B80: 3299350 | C80: 42642.9 | D80: 42642.98 | F80: 74354 | G80: success | H80: 42644.721 | I80: single | J80: 114.21667
A81: 87589504 | B81: 3492978 | C81: 42744.63 | D81: 42744.642 | E81: 42732.53 | F81: 36469 | I81: single | J81: 17.516667
A82: 563931670 | B82: 3566538 | C82: 42767.764 | D82: 42767.847 | F82: 114405 | G82: success | H82: 42767.904 | I82: single | J82: 119.71667
A83: 656003767 | B83: 4904908 | C83: 43084.694 | D83: 43084.772 | F83: 37356 | G83: success | H83: 43084.763 | I83: single | J83: 112.81667
A84: 10967578 | B84: 3330794 | C84: 42657.772 | D84: 42657.761 | F84: 11331 | G84: failed_by_student | H84: 42657.765 | I84: single | J84: -16
A85: 61410489 | B85: 3344261 | C85: 42667.478 | D85: 42667.554 | E85: 42665.634 | F85: 93065 | G85: moved | H85: 42665.665 | I85: single | J85: 109
A86: 65200870 | B86: 3403108 | C86: 42693.409 | D86: 42693.404 | E86: 42693.37 | F86: 36833 | G86: moved | H86: 42693.319 | I86: single | J86: -7.0833333
A87: 59995492 | B87: 3464672 | C87: 42721.361 | D87: 42721.395 | F87: 52373 | G87: success | H87: 42721.452 | I87: single | J87: 48.1
A88: 12914313 | B88: 3542165 | C88: 42757.905 | D88: 42757.927 | F88: 104401 | G88: success | H88: 42757.932 | I88: single | J88: 32.666667
A89: 88267612 | B89: 3639799 | C89: 42794.791 | D89: 42794.86 | F89: 51916 | G89: success | H89: 42794.847 | I89: single | J89: 99.016667
A90: 136613856 | B90: 3671917 | C90: 42804.388 | D90: 42804.479 | F90: 53209 | G90: success | H90: 42804.46 | I90: single | J90: 130.76667
A91: 275505680 | B91: 3688796 | C91: 42811.927 | D91: 42811.969 | E91: 42812.368 | F91: 26745 | G91: moved | H91: 42812.361 | I91: single | J91: 61.366667
A92: 403450144 | B92: 3813412 | C92: 42849.394 | D92: 42849.382 | F92: 187138 | G92: success | H92: 42849.424 | I92: single | J92: -17.3
A93: 466793764 | B93: 3841863 | C93: 42859.311 | D93: 42859.327 | F93: 25947 | G93: success | H93: 42859.399 | I93: single | J93: 22
A94: 738831327 | B94: 3854910 | C94: 42865.465 | D94: 42865.479 | F94: 151440 | G94: success | H94: 42865.514 | I94: single | J94: 20.816667
A95: 170698811 | B95: 3977302 | C95: 42892.732 | D95: 42892.721 | F95: 68246 | G95: success | H95: 42892.862 | I95: single | J95: -15.783333
A96: 527669194 | B96: 4141888 | C96: 42936.662 | D96: 42936.688 | E96: 42934.504 | F96: 355897 | G96: moved | H96: 42934.507 | I96: single | J96: 37.283333
A97: 587725284 | B97: 4203072 | C97: 42951.38 | D97: 42951.486 | F97: 198903 | G97: success | H97: 42951.468 | I97: single | J97: 152.53333
A98: 224971923 | B98: 4398318 | C98: 42997.841 | D98: 42997.903 | F98: 37839 | G98: success | H98: 42997.889 | I98: single | J98: 89.083333
A99: 749433880 | B99: 3116336 | C99: 42522.852 | D99: 42522.924 | F99: 24628 | G99: success | H99: 42523.663 | I99: single | J99: 103.53333
A100: 679837738 | B100: 3250653 | C100: 42612.88 | D100: 42612.941 | F100: 24200 | G100: success | H100: 42612.989 | I100: single | J100: 89.2
A101: 1984910 | B101: 3471973 | C101: 42724.789 | D101: 42724.76 | F101: 52252 | G101: success | H101: 42724.826 | I101: single | J101: -42.15
A102: 540568062 | B102: 3674150 | C102: 42806.464 | D102: 42806.489 | F102: 45420 | G102: success | H102: 42806.542 | I102: single | J102: 35.366667
A103: 220631502 | B103: 3646105 | C103: 42806.869 | D103: 42806.855 | F103: 75621 | G103: success | H103: 42806.847 | I103: single | J103: -20.75
A104: 226432651 | B104: 4104629 | C104: 42926.457 | D104: 42926.47 | F104: 138589 | G104: success | H104: 42926.912 | I104: single | J104: 17.6
A105: 1984910 | B105: 4171135 | C105: 42944.502 | D105: 42944.596 | F105: 52252 | G105: canceled_by_student | H105: 42947.55 | I105: single | J105: 135.1
A106: 308736731 | B106: 3138661 | C106: 42535.743 | D106: 42535.752 | F106: 49215 | G106: success | H106: 42535.734 | I106: single | J106: 12.383333
A107: 65200870 | B107: 3366145 | C107: 42677.744 | D107: 42677.825 | F107: 36833 | G107: success | H107: 42677.803 | I107: single | J107: 116.91667
A108: 508646386 | B108: 3432530 | C108: 42709.754 | D108: 42709.802 | F108: 72198 | G108: success | H108: 42709.861 | I108: single | J108: 68.566667
A109: 559009247 | B109: 3487677 | C109: 42733.837 | D109: 42733.905 | F109: 55264 | G109: success | H109: 42734.7 | I109: single | J109: 97.766667
A110: 253099073 | B110: 3451538 | C110: 42733.851 | D110: 42733.844 | E110: 42726.831 | F110: 152504 | I110: single | J110: -9.6
A111: 65200870 | B111: 3565749 | C111: 42771.811 | D111: 42771.818 | F111: 45890 | G111: success | H111: 42771.82 | I111: single | J111: 10.85
A112: 77864324 | B112: 3774429 | C112: 42837.337 | D112: 42837.403 | F112: 204887 | G112: success | H112: 42837.453 | I112: single | J112: 94.966667
A113: 184811673 | B113: 4533766 | C113: 43034.388 | D113: 43034.426 | F113: 52017 | G113: success | H113: 43034.49 | I113: single | J113: 53.416667
A114: 129329224 | B114: 4724633 | C114: 43069.391 | D114: 43069.461 | E114: 43070.721 | F114: 44845 | G114: moved | H114: 43070.728 | I114: single | J114: 101.36667
A115: 184811673 | B115: 3206398 | C115: 42594.448 | D115: 42594.468 | E115: 42585.892 | F115: 52017 | I115: single | J115: 28.666667
...

Sheet Учителя
A1: ID Teacher | B1: Age | C1: City | D1: Country | E1: Department | F1: Max Teaching Level | G1: Max Teaching Level ID | H1: Language Group
A2: 63364 | D2: Россия | F2: Advanced | G2: 6 | H2: rus
A3: 138650 | B3: 34 | C3: Херсон | D3: Украина | E3: School | F3: Pre-intermediate | G3: 3 | H3: rus
A4: 25990 | D4: Россия | F4: Upper-intermediate | G4: 5 | H4: rus
A5: 52373 | B5: 35 | C5: Магнитогорск | D5: Россия | E5: School | F5: Intermediate | G5: 4 | H5: rus
A6: 122778 | D6: Россия | F6: Advanced | G6: 6 | H6: rus
A7: 187138 | B7: 34 | C7: Полтава | D7: Украина | E7: School | F7: Advanced | G7: 6 | H7: rus
A8: 345359 | B8: 39 | C8: Санкт-Петербург | D8: Россия | E8: School | F8: Upper-intermediate | G8: 5 | H8: rus
A9: 62526 | B9: 37 | C9: Псков | D9: Россия | E9: School | F9: Advanced | G9: 6 | H9: rus
A10: 71226 | C10: Москва | D10: Россия | F10: Advanced | G10: 6 | H10: rus
A11: 24628 | B11: 37 | C11: Львов | D11: Украина | E11: School | F11: Intermediate | G11: 4 | H11: rus
A12: 46145 | D12: Россия | F12: Advanced | G12: 6 | H12: rus
A13: 58745 | B13: 27 | C13: Ногинск | D13: Россия | E13: School | F13: Advanced | G13: 6 | H13: rus
A14: 98044 | D14: Россия | F14: Advanced | G14: 6 | H14: rus
A15: 118693 | D15: Россия | F15: Advanced | G15: 6 | H15: rus
A16: 26745 | D16: Украина | F16: Pre-intermediate | G16: 3 | H16: rus
A17: 44845 | B17: 34 | C17: Винница | D17: Украина | E17: School | F17: Pre-intermediate | G17: 3 | H17: rus
A18: 52783 | B18: 31 | C18: Москва | D18: Россия | E18: School | F18: Intermediate | G18: 4 | H18: rus
A19: 198903 | B19: 30 | C19: Алматы | D19: Казахстан | E19: School | F19: Intermediate | G19: 4 | H19: rus
A20: 51916 | B20: 31 | C20: Ростов-на-Дону | D20: Россия | E20: School | F20: Advanced | G20: 6 | H20: rus
A21: 74491 | B21: 32 | C21: Челябинск | D21: Россия | E21: School | F21: Intermediate | G21: 4 | H21: rus
A22: 52017 | B22: 31 | C22: Бровары | D22: Украина | E22: School | F22: Upper-intermediate | G22: 5 | H22: rus
A23: 29916 | D23: Россия | F23: Advanced | G23: 6 | H23: rus
A24: 72103 | C24: Москва | D24: Россия | F24: Advanced | G24: 6 | H24: rus
A25: 72690 | B25: 30 | C25: Воронеж | D25: Россия | E25: School | F25: Upper-intermediate | G25: 5 | H25: rus
A26: 334121 | B26: 28 | C26: Köln | D26: Германия | E26: School | F26: Intermediate | G26: 4 | H26: rus
A27: 151440 | B27: 40 | C27: Петрозаводск | D27: Россия | E27: School | F27: Intermediate | G27: 4 | H27: rus
A28: 193004 | B28: 41 | C28: Харьков | D28: Украина | E28: School | F28: Intermediate | G28: 4 | H28: rus
A29: 16064 | B29: 31 | C29: Manila | D29: Филиппины | E29: School | F29: Advanced | G29: 6 | H29: eng
A30: 45890 | B30: 52 | D30: Великобритания | E30: School | F30: Advanced | G30: 6 | H30: eng
A31: 69146 | C31: Москва | D31: Россия | F31: Advanced | G31: 6 | H31: rus
A32: 84623 | B32: 37 | C32: Томск | D32: Россия | E32: School | F32: Pre-intermediate | G32: 3 | H32: rus
A33: 153811 | D33: Россия | F33: Advanced | G33: 6 | H33: rus
A34: 49340 | B34: 38 | C34: Лосино-Петровский | D34: Россия | E34: School | F34: Upper-intermediate | G34: 5 | H34: rus
A35: 51564 | B35: 29 | D35: Россия | E35: School | F35: Upper-intermediate | G35: 5 | H35: rus
A36: 121144 | B36: 38 | C36: Сыктывкар | D36: Россия | E36: School | F36: Intermediate | G36: 4 | H36: rus
A37: 136034 | D37: Россия | F37: Advanced | G37: 6 | H37: rus
A38: 49628 | D38: Россия | F38: Advanced | G38: 6 | H38: rus
A39: 50556 | F39: Advanced | G39: 6 | H39: rus
A40: 54349 | B40: 32 | C40: Санкт-Петербург | D40: Россия | E40: School | F40: Advanced | G40: 6 | H40: rus
A41: 70615 | D41: Россия | F41: Advanced | G41: 6 | H41: rus
A42: 96432 | B42: 27 | C42: Ростов-на-Дону | D42: Россия | E42: School | F42: Upper-intermediate | G42: 5 | H42: rus
A43: 217979 | B43: 27 | C43: Llanelli | D43: Великобритания | E43: School | F43: Advanced | G43: 6 | H43: eng
A44: 402460 | B44: 49 | C44: Тюмень | D44: Россия | E44: School | F44: Upper-intermediate | G44: 5 | H44: rus
A45: 59979 | B45: 36 | C45: Mumbai | D45: Индия | E45: School | F45: Upper-intermediate | G45: 5 | H45: rus
A46: 204887 | B46: 29 | C46: Томск | D46: Россия | E46: School | F46: Intermediate | G46: 4 | H46: rus
A47: 75621 | B47: 40 | C47: Минск | D47: Беларусь | E47: School | F47: Intermediate | G47: 4 | H47: rus
A48: 24200 | B48: 40 | C48: Запорожье | D48: Украина | E48: School | F48: Advanced | G48: 6 | H48: rus
A49: 27457 | C49: Челябинск | D49: Россия | E49: School | F49: Pre-intermediate | G49: 3 | H49: rus
A50: 51450 | B50: 37 | C50: Новосибирск | D50: Россия | E50: School | F50: Upper-intermediate | G50: 5 | H50: rus
A51: 322426 | B51: 36 | C51: Черкассы | D51: Украина | E51: School | F51: Pre-intermediate | G51: 3 | H51: rus
A52: 52264 | B52: 32 | C52: Москва | D52: Россия | E52: School | F52: Intermediate | G52: 4 | H52: rus
A53: 74354 | B53: 24 | C53: Казань | D53: Россия | E53: School | F53: Upper-intermediate | G53: 5 | H53: rus
A54: 76155 | B54: 28 | C54: Львов | D54: Украина | E54: School | F54: Advanced | G54: 6 | H54: rus
A55: 81376 | B55: 42 | C55: Тюмень | D55: Россия | E55: School | F55: Upper-intermediate | G55: 5 | H55: rus
A56: 25947 | B56: 30 | C56: Ульяновск | D56: Россия | E56: School | F56: Advanced | G56: 6 | H56: rus
A57: 50068 | D57: Россия | F57: Advanced | G57: 6 | H57: rus
A58: 104401 | B58: 27 | C58: Ровно | D58: Украина | E58: School | F58: Intermediate | G58: 4 | H58: rus
A59: 142140 | B59: 34 | C59: Екатеринбург | D59: Россия | E59: School | F59: Advanced | G59: 6 | H59: rus
A60: 81750 | B60: 54 | C60: Харьков | D60: Украина | E60: School | F60: Upper-intermediate | G60: 5 | H60: rus
A61: 72198 | B61: 29 | C61: Antalya | D61: Турция | E61: School | F61: Advanced | G61: 6 | H61: rus
A62: 118721 | D62: Россия | F62: Advanced | G62: 6 | H62: rus
A63: 158334 | B63: 29 | C63: Липецк | D63: Россия | E63: School | F63: Upper-intermediate | G63: 5 | H63: rus
A64: 19513 | D64: Великобритания | F64: Advanced | G64: 6 | H64: eng
A65: 68278 | C65: Москва | D65: Россия | E65: Sales | F65: Advanced | G65: 6 | H65: rus
A66: 37356 | B66: 34 | C66: Пермь | D66: Россия | E66: School | F66: Upper-intermediate | G66: 5 | H66: rus
A67: 46409 | B67: 37 | D67: Украина | F67: Intermediate | G67: 4 | H67: rus
A68: 51907 | B68: 37 | C68: Москва | D68: Россия | E68: School | F68: Upper-intermediate | G68: 5 | H68: rus
A69: 52940 | B69: 29 | C69: Барнаул | D69: Россия | E69: School | F69: Advanced | G69: 6 | H69: rus
A70: 57268 | D70: Россия | F70: Advanced | G70: 6 | H70: rus
A71: 135479 | D71: Россия | F71: Advanced | G71: 6 | H71: rus
A72: 155465 | B72: 31 | C72: Санкт-Петербург | D72: Россия | E72: School | F72: Advanced | G72: 6 | H72: rus
A73: 16755 | B73: 34 | C73: Одесса | D73: Украина | E73: School | F73: Intermediate | G73: 4 | H73: rus
A74: 57627 | B74: 30 | C74: Воронеж | D74: Россия | E74: School | F74: Upper-intermediate | G74: 5 | H74: rus
A75: 75968 | B75: 37 | C75: Петрозаводск | D75: Россия | E75: School | F75: Intermediate | G75: 4 | H75: rus
A76: 90133 | D76: Россия | F76: Advanced | G76: 6 | H76: rus
A77: 50465 | B77: 31 | C77: Екатеринбург | D77: Россия | E77: School | F77: Upper-intermediate | G77: 5 | H77: rus
A78: 55264 | B78: 22 | C78: Львов | D78: Украина | E78: School | F78: Intermediate | G78: 4 | H78: rus
A79: 62292 | D79: Россия | F79: Advanced | G79: 6 | H79: rus
A80: 123983 | B80: 31 | C80: Пермь | D80: Россия | E80: School | F80: Upper-intermediate | G80: 5 | H80: rus
A81: 152504 | B81: 30 | C81: Москва | D81: Россия | F81: Intermediate | G81: 4 | H81: rus
A82: 51314 | D82: Россия | F82: Advanced | G82: 6 | H82: rus
A83: 78403 | D83: Россия | F83: Advanced | G83: 6 | H83: rus
A84: 283638 | B84: 35 | C84: Юзовка | D84: Украина | E84: School | F84: Pre-intermediate | G84: 3 | H84: rus
A85: 50867 | C85: Москва | D85: Россия | E85: Sales | F85: Advanced | G85: 6 | H85: rus
A86: 78387 | D86: Россия | F86: Advanced | G86: 6 | H86: rus
A87: 89420 | D87: Россия | F87: Advanced | G87: 6 | H87: rus
A88: 49344 | B88: 33 | C88: Ереван | D88: Армения | E88: School | F88: Upper-intermediate | G88: 5 | H88: rus
A89: 81774 | B89: 38 | C89: Colorado Springs | D89: США | E89: School | F89: Intermediate | G89: 4 | H89: eng
A90: 124659 | B90: 32 | C90: Минск | D90: Беларусь | E90: School | F90: Advanced | G90: 6 | H90: eng
A91: 129840 | B91: 24 | C91: Смоленск | D91: Россия | F91: Upper-intermediate | G91: 5 | H91: rus
A92: 68119 | C92: Москва | D92: Россия | F92: Advanced | G92: 6 | H92: rus
A93: 194317 | D93: Россия | F93: Advanced | G93: 6 | H93: rus
A94: 15762 | B94: 72 | C94: Aurora | D94: США | E94: School | F94: Advanced | G94: 6 | H94: eng
A95: 33778 | D95: Россия | F95: Advanced | G95: 6 | H95: rus
A96: 46324 | B96: 31 | D96: Россия | F96: Advanced | G96: 6 | H96: rus
A97: 50069 | B97: 35 | D97: Россия | F97: Advanced | G97: 6 | H97: rus
A98: 62525 | B98: 26 | C98: Краснодар | D98: Россия | F98: Intermediate | G98: 4 | H98: rus
A99: 28066 | B99: 42 | C99: Полтава | D99: Украина | E99: School | F99: Upper-intermediate | G99: 5 | H99: rus
A100: 78391 | D100: Россия | F100: Advanced | G100: 6 | H100: rus
...

Sheet Триальные уроки
A1: User ID | B1: ID Class | C1: Class Start Date Time | D1: Class End Date Time | E1: Class Removed Date Time | F1: ID Teacher | G1: Class Status | H1: Class Status Date Time | I1: Class Type | J1: Class Duration
A2: 325348 | B2: 3036485 | C2: 42465.444 | D2: 42465.427 | F2: 47743 | G2: success | H2: 42465.555 | I2: regular | J2: -24.683333
A3: 250209585 | B3: 3042917 | C3: 42469.608 | D3: 42469.619 | F3: 51564 | G3: success | H3: 42469.625 | I3: regular | J3: 15.433333
A4: 518406438 | B4: 3074966 | C4: 42491.763 | D4: 42491.825 | F4: 26896 | G4: failed_by_student | H4: 42491.514 | I4: regular | J4: 89.3
A5: 666791637 | B5: 3103245 | C5: 42511.422 | D5: 42511.483 | F5: 51450 | G5: canceled_by_student | H5: 42512.234 | I5: regular | J5: 88.7
A6: 310771064 | B6: 3123907 | C6: 42525.455 | D6: 42525.454 | F6: 19513 | G6: success | H6: 42525.478 | I6: regular | J6: -1.05
A7: 820726831 | B7: 3137396 | C7: 42534.825 | D7: 42534.837 | F7: 45226 | G7: success | H7: 42535.341 | I7: regular | J7: 16.283333
A8: 87910119 | B8: 3142195 | C8: 42537.296 | D8: 42537.36 | F8: 46409 | G8: canceled_by_student | H8: 42537.587 | I8: regular | J8: 90.983333
A9: 557318231 | B9: 3163558 | C9: 42551.623 | D9: 42551.612 | F9: 16064 | G9: success | H9: 42551.796 | I9: regular | J9: -16.1
A10: 378031781 | B10: 3165081 | C10: 42552.925 | D10: 42552.95 | E10: 42552.671 | F10: 54349 | I10: regular | J10: 36.916667
A11: 819834854 | B11: 3179696 | C11: 42562.914 | D11: 42562.938 | F11: 62525 | G11: canceled_by_teacher | H11: 42562.979 | I11: regular | J11: 34.55
A12: 53930100 | B12: 3190831 | C12: 42570.739 | D12: 42570.757 | F12: 46401 | G12: success | H12: 42571.807 | I12: regular | J12: 27.05
A13: 577136653 | B13: 3393876 | C13: 42706.742 | D13: 42706.765 | F13: 73877 | G13: canceled_by_student | H13: 42707.632 | I13: single | J13: 33.466667
A14: 820269817 | B14: 3491015 | C14: 42733.853 | D14: 42733.831 | F14: 129840 | G14: failed_by_student | H14: 42733.931 | I14: single | J14: -31.833333
A15: 812848522 | B15: 3517332 | C15: 42748.424 | D15: 42748.463 | F15: 22703 | G15: canceled_by_student | H15: 42748.647 | I15: single | J15: 56.6
A16: 702993006 | B16: 3702595 | C16: 42823.712 | D16: 42823.786 | F16: 62526 | G16: success | H16: 42823.829 | I16: single | J16: 107.06667
A17: 275505680 | B17: 4493327 | C17: 43015.955 | D17: 43015.972 | F17: 26745 | G17: success | H17: 43016.42 | I17: single | J17: 23.716667
A18: 265631576 | B18: 3017789 | C18: 42452.562 | D18: 42452.577 | F18: 51907 | G18: canceled_by_teacher | H18: 42452.584 | I18: single | J18: 22.4
A19: 312890749 | B19: 3051957 | C19: 42478.436 | D19: 42478.457 | F19: 52940 | G19: success | H19: 42478.425 | I19: single | J19: 31.283333
A20: 812848522 | B20: 3459655 | C20: 42723.499 | D20: 42723.504 | F20: 22703 | G20: success | H20: 42723.543 | I20: single | J20: 7.2333333
A21: 825271993 | B21: 3481219 | C21: 42731.801 | D21: 42731.854 | F21: 37836 | G21: success | H21: 42731.832 | I21: single | J21: 75.516667
A22: 735566020 | B22: 3641656 | C22: 42824.847 | D22: 42824.922 | E22: 42810.555 | F22: 52344 | I22: single | J22: 108.6
A23: 459374225 | B23: 3744356 | C23: 42829.91 | D23: 42829.922 | F23: 74354 | G23: success | H23: 42829.957 | I23: single | J23: 17.45
A24: 750711381 | B24: 3770985 | C24: 42836.586 | D24: 42836.605 | F24: 155465 | G24: failed_by_student | H24: 42836.644 | I24: single | J24: 26.95
A25: 354074093 | B25: 4183165 | C25: 42944.828 | D25: 42944.821 | F25: 44903 | G25: success | H25: 42944.854 | I25: single | J25: -8.7333333
A26: 312890749 | B26: 4234049 | C26: 42958.425 | D26: 42958.457 | F26: 52940 | G26: success | H26: 42958.447 | I26: single | J26: 45.183333
A27: 363117914 | B27: 4240904 | C27: 42958.835 | D27: 42958.872 | F27: 121144 | G27: success | H27: 42958.921 | I27: single | J27: 54
A28: 460717125 | B28: 4279632 | C28: 42967.474 | D28: 42967.466 | F28: 138716 | G28: canceled_by_teacher | H28: 42968.441 | I28: single | J28: -10.7
A29: 646897024 | B29: 4394006 | C29: 42994.387 | D29: 42994.463 | E29: 42995.859 | F29: 15605 | G29: moved | H29: 42995.916 | I29: single | J29: 110.01667
A30: 601916433 | B30: 4441033 | C30: 43023.59 | D30: 43023.639 | E30: 43018.383 | F30: 193004 | I30: single | J30: 69.833333
A31: 564082971 | B31: 3090259 | C31: 42509.502 | D31: 42509.563 | F31: 25849 | G31: success | H31: 42509.562 | I31: single | J31: 87.416667
A32: 60655363 | B32: 3212863 | C32: 42585.886 | D32: 42585.949 | F32: 67856 | G32: success | H32: 42585.946 | I32: single | J32: 91.033333
A33: 148765721 | B33: 3359784 | C33: 42674.405 | D33: 42674.431 | F33: 96432 | G33: success | H33: 42674.42 | I33: single | J33: 37.25
A34: 8787726 | B34: 3442252 | C34: 42714.783 | D34: 42714.837 | F34: 58745 | G34: failed_by_student | H34: 42714.529 | I34: single | J34: 77.1
A35: 355869457 | B35: 3512712 | C35: 42744.8 | D35: 42744.841 | F35: 142140 | G35: success | H35: 42744.849 | I35: single | J35: 59.15
A36: 354313060 | B36: 3526322 | C36: 42752.845 | D36: 42752.95 | F36: 24333 | G36: success | H36: 42752.921 | I36: single | J36: 151.91667
A37: 527459900 | B37: 3602433 | C37: 42781.924 | D37: 42781.952 | F37: 72684 | G37: success | H37: 42781.96 | I37: single | J37: 39.916667
A38: 848130149 | B38: 3830803 | C38: 42858.498 | D38: 42858.509 | F38: 82975 | G38: success | H38: 42858.456 | I38: single | J38: 14.983333
A39: 117173613 | B39: 3915243 | C39: 42877.364 | D39: 42877.365 | F39: 322426 | G39: success | H39: 42877.352 | I39: single | J39: 0.78333334
A40: 381283784 | B40: 4082049 | C40: 42917.341 | D40: 42917.402 | F40: 52049 | G40: canceled_by_student | H40: 42918.452 | I40: single | J40: 86.85
A41: 346821870 | B41: 4265743 | C41: 42964.792 | D41: 42964.902 | F41: 158334 | G41: success | H41: 42964.908 | I41: single | J41: 158.73333
A42: 312890749 | B42: 4640298 | C42: 43047.439 | D42: 43047.497 | F42: 52940 | G42: success | H42: 43047.459 | I42: single | J42: 84.566667
... A58: 170537679 | B58: 3550829 | C58: 42761.395 | D58: 42761.415 | F58: 102026 | G58: success | H58: 42761.487 | I58: single | J58: 29.45
A59: 225922946 | B59: 3544200 | C59: 42762.512 | D59: 42762.557 | E59: 42758.558 | F59: 11331 | I59: single | J59: 64.816667
A60: 540568062 | B60: 3594802 | C60: 42779.434 | D60: 42779.517 | F60: 45420 | G60: success | H60: 42779.504 | I60: single | J60: 119.66667
A61: 360525108 | B61: 3612706 | C61: 42785.74 | D61: 42785.759 | F61: 209334 | G61: canceled_by_student | H61: 42785.821 | I61: single | J61: 26.866667
A62: 184811673 | B62: 3819498 | C62: 42851.399 | D62: 42851.415 | F62: 52017 | G62: success | H62: 42851.458 | I62: single | J62: 22.466667
A63: 591700300 | B63: 3953761 | C63: 42885.795 | D63: 42885.791 | F63: 72690 | G63: success | H63: 42885.869 | I63: single | J63: -4.7166667
A64: 293308683 | B64: 3965424 | C64: 42890.494 | D64: 42890.507 | F64: 52264 | G64: success | H64: 42890.514 | I64: single | J64: 18.683333
A65: 63547622 | B65: 4136889 | C65: 42936.363 | D65: 42936.383 | F65: 377798 | G65: success | H65: 42936.404 | I65: single | J65: 28.5
A66: 186789343 | B66: 4928825 | C66: 43090.442 | D66: 43090.447 | E66: 43090.117 | F66: 47996 | I66: single | J66: 6.9
A67: 804442294 | B67: 3080169 | C67: 42495.961 | D67: 42495.994 | E67: 42495.567 | F67: 49344 | I67: single | J67: 47.866667
A68: 24376279 | B68: 3244183 | C68: 42607.272 | D68: 42607.381 | F68: 55935 | G68: success | H68: 42607.418 | I68: single | J68: 156.8
A69: 800427496 | B69: 3338270 | C69: 42667.47 | D69: 42667.476 | F69: 44084 | G69: success | H69: 42667.539 | I69: single | J69: 9.5833333
A70: 564082971 | B70: 3423356 | C70: 42703.426 | D70: 42703.45 | F70: 25849 | G70: success | H70: 42703.52 | I70: single | J70: 34.25
A71: 360909499 | B71: 3539212 | C71: 42760.655 | D71: 42760.641 | F71: 27457 | G71: success | H71: 42761.27 | I71: single | J71: -21.4
A72: 646897024 | B72: 3730865 | C72: 42824.365 | D72: 42824.375 | F72: 15605 | G72: success | H72: 42824.426 | I72: single | J72: 14.483333
A73: 129358606 | B73: 3795802 | C73: 42849.399 | D73: 42849.424 | F73: 67832 | G73: success | H73: 42849.891 | I73: single | J73: 35.883333
A74: 1984910 | B74: 4471768 | C74: 43010.483 | D74: 43010.572 | F74: 52252 | G74: success | H74: 43010.617 | I74: single | J74: 127.35
A75: 206750300 | B75: 4646142 | C75: 43045.411 | D75: 43045.414 | F75: 81376 | G75: success | H75: 43045.473 | I75: single | J75: 4.3
A76: 129329224 | B76: 4818697 | C76: 43072.9 | D76: 43072.992 | E76: 43072.897 | F76: 44845 | G76: moved | H76: 43072.894 | I76: single | J76: 132.26667
A77: 184811673 | B77: 4805755 | C77: 43089.401 | D77: 43089.45 | E77: 43088.904 | F77: 52017 | I77: single | J77: 71.4
A78: 80564521 | B78: 2993416 | C78: 42428.412 | D78: 42428.447 | F78: 49340 | G78: canceled_by_teacher | H78: 42433.549 | I78: single | J78: 50.516667
A79: 557651982 | B79: 3017744 | C79: 42454.399 | D79: 42454.414 | E79: 42451.741 | F79: 52373 | I79: single | J79: 21.733333
A80: 459374225 | B80: 3299350 | C80: 42642.9 | D80: 42642.98 | F80: 74354 | G80: success | H80: 42644.721 | I80: single | J80: 114.21667
A81: 87589504 | B81: 3492978 | C81: 42744.63 | D81: 42744.642 | E81: 42732.53 | F81: 36469 | I81: single | J81: 17.516667
A82: 563931670 | B82: 3566538 | C82: 42767.764 | D82: 42767.847 | F82: 114405 | G82: success | H82: 42767.904 | I82: single | J82: 119.71667
A83: 656003767 | B83: 4904908 | C83: 43084.694 | D83: 43084.772 | F83: 37356 | G83: success | H83: 43084.763 | I83: single | J83: 112.81667
A84: 10967578 | B84: 3330794 | C84: 42657.772 | D84: 42657.761 | F84: 11331 | G84: failed_by_student | H84: 42657.765 | I84: single | J84: -16
A85: 61410489 | B85: 3344261 | C85: 42667.478 | D85: 42667.554 | E85: 42665.634 | F85: 93065 | G85: moved | H85: 42665.665 | I85: single | J85: 109
A86: 65200870 | B86: 3403108 | C86: 42693.409 | D86: 42693.404 | E86: 42693.37 | F86: 36833 | G86: moved | H86: 42693.319 | I86: single | J86: -7.0833333
A87: 59995492 | B87: 3464672 | C87: 42721.361 | D87: 42721.395 | F87: 52373 | G87: success | H87: 42721.452 | I87: single | J87: 48.1
A88: 12914313 | B88: 3542165 | C88: 42757.905 | D88: 42757.927 | F88: 104401 | G88: success | H88: 42757.932 | I88: single | J88: 32.666667
A89: 88267612 | B89: 3639799 | C89: 42794.791 | D89: 42794.86 | F89: 51916 | G89: success | H89: 42794.847 | I89: single | J89: 99.016667
A90: 136613856 | B90: 3671917 | C90: 42804.388 | D90: 42804.479 | F90: 53209 | G90: success | H90: 42804.46 | I90: single | J90: 130.76667
A91: 275505680 | B91: 3688796 | C91: 42811.927 | D91: 42811.969 | E91: 42812.368 | F91: 26745 | G91: moved | H91: 42812.361 | I91: single | J91: 61.366667
A92: 403450144 | B92: 3813412 | C92: 42849.394 | D92: 42849.382 | F92: 187138 | G92: success | H92: 42849.424 | I92: single | J92: -17.3
A93: 466793764 | B93: 3841863 | C93: 42859.311 | D93: 42859.327 | F93: 25947 | G93: success | H93: 42859.399 | I93: single | J93: 22
A94: 738831327 | B94: 3854910 | C94: 42865.465 | D94: 42865.479 | F94: 151440 | G94: success | H94: 42865.514 | I94: single | J94: 20.816667
A95: 170698811 | B95: 3977302 | C95: 42892.732 | D95: 42892.721 | F95: 68246 | G95: success | H95: 42892.862 | I95: single | J95: -15.783333
A96: 527669194 | B96: 4141888 | C96: 42936.662 | D96: 42936.688 | E96: 42934.504 | F96: 355897 | G96: moved | H96: 42934.507 | I96: single | J96: 37.283333
A97: 587725284 | B97: 4203072 | C97: 42951.38 | D97: 42951.486 | F97: 198903 | G97: success | H97: 42951.468 | I97: single | J97: 152.53333
A98: 224971923 | B98: 4398318 | C98: 42997.841 | D98: 42997.903 | F98: 37839 | G98: success | H98: 42997.889 | I98: single | J98: 89.083333
A99: 749433880 | B99: 3116336 | C99: 42522.852 | D99: 42522.924 | F99: 24628 | G99: success | H99: 42523.663 | I99: single | J99: 103.53333
A100: 679837738 | B100: 3250653 | C100: 42612.88 | D100: 42612.941 | F100: 24200 | G100: success | H100: 42612.989 | I100: single | J100: 89.2
A101: 1984910 | B101: 3471973 | C101: 42724.789 | D101: 42724.76 | F101: 52252 | G101: success | H101: 42724.826 | I101: single | J101: -42.15
A102: 540568062 | B102: 3674150 | C102: 42806.464 | D102: 42806.489 | F102: 45420 | G102: success | H102: 42806.542 | I102: single | J102: 35.366667
A103: 220631502 | B103: 3646105 | C103: 42806.869 | D103: 42806.855 | F103: 75621 | G103: success | H103: 42806.847 | I103: single | J103: -20.75
A104: 226432651 | B104: 4104629 | C104: 42926.457 | D104: 42926.47 | F104: 138589 | G104: success | H104: 42926.912 | I104: single | J104: 17.6
A105: 1984910 | B105: 4171135 | C105: 42944.502 | D105: 42944.596 | F105: 52252 | G105: canceled_by_student | H105: 42947.55 | I105: single | J105: 135.1
A106: 308736731 | B106: 3138661 | C106: 42535.743 | D106: 42535.752 | F106: 49215 | G106: success | H106: 42535.734 | I106: single | J106: 12.383333
A107: 65200870 | B107: 3366145 | C107: 42677.744 | D107: 42677.825 | F107: 36833 | G107: success | H107: 42677.803 | I107: single | J107: 116.91667
A108: 508646386 | B108: 3432530 | C108: 42709.754 | D108: 42709.802 | F108: 72198 | G108: success | H108: 42709.861 | I108: single | J108: 68.566667
A109: 559009247 | B109: 3487677 | C109: 42733.837 | D109: 42733.905 | F109: 55264 | G109: success | H109: 42734.7 | I109: single | J109: 97.766667
A110: 253099073 | B110: 3451538 | C110: 42733.851 | D110: 42733.844 | E110: 42726.831 | F110: 152504 | I110: single | J110: -9.6
A111: 65200870 | B111: 3565749 | C111: 42771.811 | D111: 42771.818 | F111: 45890 | G111: success | H111: 42771.82 | I111: single | J111: 10.85
A112: 77864324 | B112: 3774429 | C112: 42837.337 | D112: 42837.403 | F112: 204887 | G112: success | H112: 42837.453 | I112: single | J112: 94.966667
A113: 184811673 | B113: 4533766 | C113: 43034.388 | D113: 43034.426 | F113: 52017 | G113: success | H113: 43034.49 | I113: single | J113: 53.416667
A114: 129329224 | B114: 4724633 | C114: 43069.391 | D114: 43069.461 | E114: 43070.721 | F114: 44845 | G114: moved | H114: 43070.728 | I114: single | J114: 101.36667
A115: 184811673 | B115: 3206398 | C115: 42594.448 | D115: 42594.468 | E115: 42585.892 | F115: 52017 | I115: single | J115: 28.666667
...

Sheet Успешные уроки МСК и СПБ
A1: User ID | B1: ID Class | C1: Class Start Date Time | D1: Class End Date Time | E1: Class Removed Date Time | F1: ID Teacher | G1: City | H1: Class Status | I1: Class Status Date Time | J1: Class Type | K1: Class Duration
A2: 325348 | B2: 3036485 | C2: 42465.444 | D2: 42465.427 | F2: 47743 | G2: =VLOOKUP(F2,Учителя!$A:$H,3,0) -> Вологда | H2: success | I2: 42465.555 | J2: regular | K2: -24.683333
A3: 250209585 | B3: 3042917 | C3: 42469.608 | D3: 42469.619 | F3: 51564 | G3: =VLOOKUP(F3,Учителя!$A:$H,3,0) -> 0 | H3: success | I3: 42469.625 | J3: regular | K3: 15.433333
A4: 518406438 | B4: 3074966 | C4: 42491.763 | D4: 42491.825 | F4: 26896 | G4: =VLOOKUP(F4,Учителя!$A:$H,3,0) -> Северодонецк | H4: failed_by_student | I4: 42491.514 | J4: regular | K4: 89.3
A5: 666791637 | B5: 3103245 | C5: 42511.422 | D5: 42511.483 | F5: 51450 | G5: =VLOOKUP(F5,Учителя!$A:$H,3,0) -> Новосибирск | H5: canceled_by_student | I5: 42512.234 | J5: regular | K5: 88.7
A6: 310771064 | B6: 3123907 | C6: 42525.455 | D6: 42525.454 | F6: 19513 | G6: =VLOOKUP(F6,Учителя!$A:$H,3,0) -> 0 | H6: success | I6: 42525.478 | J6: regular | K6: -1.05
A7: 820726831 | B7: 3137396 | C7: 42534.825 | D7: 42534.837 | F7: 45226 | G7: =VLOOKUP(F7,Учителя!$A:$H,3,0) -> Нижний Новгород | H7: success | I7: 42535.341 | J7: regular | K7: 16.283333
A8: 87910119 | B8: 3142195 | C8: 42537.296 | D8: 42537.36 | F8: 46409 | G8: =VLOOKUP(F8,Учителя!$A:$H,3,0) -> 0 | H8: canceled_by_student | I8: 42537.587 | J8: regular | K8: 90.983333
A9: 557318231 | B9: 3163558 | C9: 42551.623 | D9: 42551.612 | F9: 16064 | G9: =VLOOKUP(F9,Учителя!$A:$H,3,0) -> Manila | H9: success | I9: 42551.796 | J9: regular | K9: -16.1
A10: 378031781 | B10: 3165081 | C10: 42552.925 | D10: 42552.95 | E10: 42552.671 | F10: 54349 | G10: =VLOOKUP(F10,Учителя!$A:$H,3,0) -> Санкт-Петербург | J10: regular | K10: 36.916667
A11: 819834854 | B11: 3179696 | C11: 42562.914 | D11: 42562.938 | F11: 62525 | G11: =VLOOKUP(F11,Учителя!$A:$H,3,0) -> Краснодар | H11: canceled_by_teacher | I11: 42562.979 | J11: regular | K11: 34.55
A12: 53930100 | B12: 3190831 | C12: 42570.739 | D12: 42570.757 | F12: 46401 | G12: =VLOOKUP(F12,Учителя!$A:$H,3,0) -> Москва | H12: success | I12: 42571.807 | J12: regular | K12: 27.05
A13: 577136653 | B13: 3393876 | C13: 42706.742 | D13: 42706.765 | F13: 73877 | G13: =VLOOKUP(F13,Учителя!$A:$H,3,0) -> Москва | H13: canceled_by_student | I13: 42707.632 | J13: single | K13: 33.466667
A14: 820269817 | B14: 3491015 | C14: 42733.853 | D14: 42733.831 | F14: 129840 | G14: =VLOOKUP(F14,Учителя!$A:$H,3,0) -> Смоленск | H14: failed_by_student | I14: 42733.931 | J14: single | K14: -31.833333
A15: 812848522 | B15: 3517332 | C15: 42748.424 | D15: 42748.463 | F15: 22703 | G15: =VLOOKUP(F15,Учителя!$A:$H,3,0) -> Александров | H15: canceled_by_student | I15: 42748.647 | J15: single | K15: 56.6
A16: 702993006 | B16: 3702595 | C16: 42823.712 | D16: 42823.786 | F16: 62526 | G16: =VLOOKUP(F16,Учителя!$A:$H,3,0) -> Псков | H16: success | I16: 42823.829 | J16: single | K16: 107.06667
A17: 275505680 | B17: 4493327 | C17: 43015.955 | D17: 43015.972 | F17: 26745 | G17: =VLOOKUP(F17,Учителя!$A:$H,3,0) -> 0 | H17: success | I17: 43016.42 | J17: single | K17: 23.716667
A18: 265631576 | B18: 3017789 | C18: 42452.562 | D18: 42452.577 | F18: 51907 | G18: =VLOOKUP(F18,Учителя!$A:$H,3,0) -> Москва | H18: canceled_by_teacher | I18: 42452.584 | J18: single | K18: 22.4
A19: 312890749 | B19: 3051957 | C19: 42478.436 | D19: 42478.457 | F19: 52940 | G19: =VLOOKUP(F19,Учителя!$A:$H,3,0) -> Барнаул | H19: success | I19: 42478.425 | J19: single | K19: 31.283333
A20: 812848522 | B20: 3459655 | C20: 42723.499 | D20: 42723.504 | F20: 22703 | G20: =VLOOKUP(F20,Учителя!$A:$H,3,0) -> Александров | H20: success | I20: 42723.543 | J20: single | K20: 7.2333333
A21: 825271993 | B21: 3481219 | C21: 42731.801 | D21: 42731.854 | F21: 37836 | G21: =VLOOKUP(F21,Учителя!$A:$H,3,0) -> Киев | H21: success | I21: 42731.832 | J21: single | K21: 75.516667
A22: 735566020 | B22: 3641656 | C22: 42824.847 | D22: 42824.922 | E22: 42810.555 | F22: 52344 | G22: =VLOOKUP(F22,Учителя!$A:$H,3,0) -> Уфа | J22: single | K22: 108.6
A23: 459374225 | B23: 3744356 | C23: 42829.91 | D23: 42829.922 | F23: 74354 | G23: =VLOOKUP(F23,Учителя!$A:$H,3,0) -> Казань | H23: success | I23: 42829.957 | J23: single | K23: 17.45
A24: 750711381 | B24: 3770985 | C24: 42836.586 | D24: 42836.605 | F24: 155465 | G24: =VLOOKUP(F24,Учителя!$A:$H,3,0) -> Санкт-Петербург | H24: failed_by_student | I24: 42836.644 | J24: single | K24: 26.95
A25: 354074093 | B25: 4183165 | C25: 42944.828 | D25: 42944.821 | F25: 44903 | G25: =VLOOKUP(F25,Учителя!$A:$H,3,0) -> Киев | H25: success | I25: 42944.854 | J25: single | K25: -8.7333333
A26: 312890749 | B26: 4234049 | C26: 42958.425 | D26: 42958.457 | F26: 52940 | G26: =VLOOKUP(F26,Учителя!$A:$H,3,0) -> Барнаул | H26: success | I26: 42958.447 | J26: single | K26: 45.183333
A27: 363117914 | B27: 4240904 | C27: 42958.835 | D27: 42958.872 | F27: 121144 | G27: =VLOOKUP(F27,Учителя!$A:$H,3,0) -> Сыктывкар | H27: success | I27: 42958.921 | J27: single | K27: 54
A28: 460717125 | B28: 4279632 | C28: 42967.474 | D28: 42967.466 | F28: 138716 | G28: =VLOOKUP(F28,Учителя!$A:$H,3,0) -> Харьков | H28: canceled_by_teacher | I28: 42968.441 | J28: single | K28: -10.7
A29: 646897024 | B29: 4394006 | C29: 42994.387 | D29: 42994.463 | E29: 42995.859 | F29: 15605 | G29: =VLOOKUP(F29,Учителя!$A:$H,3,0) -> Белгород-Днестровский | H29: moved | I29: 42995.916 | J29: single | K29: 110.01667
A30: 601916433 | B30: 4441033 | C30: 43023.59 | D30: 43023.639 | E30: 43018.383 | F30: 193004 | G30: =VLOOKUP(F30,Учителя!$A:$H,3,0) -> Харьков | J30: single | K30: 69.833333
A31: 564082971 | B31: 3090259 | C31: 42509.502 | D31: 42509.563 | F31: 25849 | G31: =VLOOKUP(F31,Учителя!$A:$H,3,0) -> Пермь | H31: success | I31: 42509.562 | J31: single | K31: 87.416667
A32: 60655363 | B32: 3212863 | C32: 42585.886 | D32: 42585.949 | F32: 67856 | G32: =VLOOKUP(F32,Учителя!$A:$H,3,0) -> Калининград | H32: success | I32: 42585.946 | J32: single | K32: 91.033333
A33: 148765721 | B33: 3359784 | C33: 42674.405 | D33: 42674.431 | F33: 96432 | G33: =VLOOKUP(F33,Учителя!$A:$H,3,0) -> Ростов-на-Дону | H33: success | I33: 42674.42 | J33: single | K33: 37.25
A34: 8787726 | B34: 3442252 | C34: 42714.783 | D34: 42714.837 | F34: 58745 | G34: =VLOOKUP(F34,Учителя!$A:$H,3,0) -> Ногинск | H34: failed_by_student | I34: 42714.529 | J34: single | K34: 77.1
A35: 355869457 | B35: 3512712 | C35: 42744.8 | D35: 42744.841 | F35: 142140 | G35: =VLOOKUP(F35,Учителя!$A:$H,3,0) -> Екатеринбург | H35: success | I35: 42744.849 | J35: single | K35: 59.15
A36: 354313060 | B36: 3526322 | C36: 42752.845 | D36: 42752.95 | F36: 24333 | G36: =VLOOKUP(F36,Учителя!$A:$H,3,0) -> Житомир | H36: success | I36: 42752.921 | J36: single | K36: 151.91667
A37: 527459900 | B37: 3602433 | C37: 42781.924 | D37: 42781.952 | F37: 72684 | G37: =VLOOKUP(F37,Учителя!$A:$H,3,0) -> Симферополь | H37: success | I37: 42781.96 | J37: single | K37: 39.916667
A38: 848130149 | B38: 3830803 | C38: 42858.498 | D38: 42858.509 | F38: 82975 | G38: =VLOOKUP(F38,Учителя!$A:$H,3,0) -> Иваново | H38: success | I38: 42858.456 | J38: single | K38: 14.983333
A39: 117173613 | B39: 3915243 | C39: 42877.364 | D39: 42877.365 | F39: 322426 | G39: =VLOOKUP(F39,Учителя!$A:$H,3,0) -> Черкассы | H39: success | I39: 42877.352 | J39: single | K39: 0.78333334
A40: 381283784 | B40: 4082049 | C40: 42917.341 | D40: 42917.402 | F40: 52049 | G40: =VLOOKUP(F40,Учителя!$A:$H,3,0) -> Челябинск | H40: canceled_by_student | I40: 42918.452 | J40: single | K40: 86.85
A41: 346821870 | B41: 4265743 | C41: 42964.792 | D41: 42964.902 | F41: 158334 | G41: =VLOOKUP(F41,Учителя!$A:$H,3,0) -> Липецк | H41: success | I41: 42964.908 | J41: single | K41: 158.73333
A42: 312890749 | B42: 4640298 | C42: 43047.439 | D42: 43047.497 | F42: 52940 | G42: =VLOOKUP(F42,Учителя!$A:$H,3,0) -> Барнаул | H42: success | I42: 43047.459 | J42: single | K42: 84.566667
... A58: 170537679 | B58: 3550829 | C58: 42761.395 | D58: 42761.415 | F58: 102026 | G58: =VLOOKUP(F58,Учителя!$A:$H,3,0) -> Киев | H58: success | I58: 42761.487 | J58: single | K58: 29.45
A59: 225922946 | B59: 3544200 | C59: 42762.512 | D59: 42762.557 | E59: 42758.558 | F59: 11331 | G59: =VLOOKUP(F59,Учителя!$A:$H,3,0) -> 0 | J59: single | K59: 64.816667
A60: 540568062 | B60: 3594802 | C60: 42779.434 | D60: 42779.517 | F60: 45420 | G60: =VLOOKUP(F60,Учителя!$A:$H,3,0) -> Николаев | H60: success | I60: 42779.504 | J60: single | K60: 119.66667
A61: 360525108 | B61: 3612706 | C61: 42785.74 | D61: 42785.759 | F61: 209334 | G61: =VLOOKUP(F61,Учителя!$A:$H,3,0) -> Moscow | H61: canceled_by_student | I61: 42785.821 | J61: single | K61: 26.866667
A62: 184811673 | B62: 3819498 | C62: 42851.399 | D62: 42851.415 | F62: 52017 | G62: =VLOOKUP(F62,Учителя!$A:$H,3,0) -> Бровары | H62: success | I62: 42851.458 | J62: single | K62: 22.466667
A63: 591700300 | B63: 3953761 | C63: 42885.795 | D63: 42885.791 | F63: 72690 | G63: =VLOOKUP(F63,Учителя!$A:$H,3,0) -> Воронеж | H63: success | I63: 42885.869 | J63: single | K63: -4.7166667
A64: 293308683 | B64: 3965424 | C64: 42890.494 | D64: 42890.507 | F64: 52264 | G64: =VLOOKUP(F64,Учителя!$A:$H,3,0) -> Москва | H64: success | I64: 42890.514 | J64: single | K64: 18.683333
A65: 63547622 | B65: 4136889 | C65: 42936.363 | D65: 42936.383 | F65: 377798 | G65: =VLOOKUP(F65,Учителя!$A:$H,3,0) -> Киев | H65: success | I65: 42936.404 | J65: single | K65: 28.5
A66: 186789343 | B66: 4928825 | C66: 43090.442 | D66: 43090.447 | E66: 43090.117 | F66: 47996 | G66: =VLOOKUP(F66,Учителя!$A:$H,3,0) -> New York City | J66: single | K66: 6.9
A67: 804442294 | B67: 3080169 | C67: 42495.961 | D67: 42495.994 | E67: 42495.567 | F67: 49344 | G67: =VLOOKUP(F67,Учителя!$A:$H,3,0) -> Ереван | J67: single | K67: 47.866667
A68: 24376279 | B68: 3244183 | C68: 42607.272 | D68: 42607.381 | F68: 55935 | G68: =VLOOKUP(F68,Учителя!$A:$H,3,0) -> Brescia | H68: success | I68: 42607.418 | J68: single | K68: 156.8
A69: 800427496 | B69: 3338270 | C69: 42667.47 | D69: 42667.476 | F69: 44084 | G69: =VLOOKUP(F69,Учителя!$A:$H,3,0) -> 0 | H69: success | I69: 42667.539 | J69: single | K69: 9.5833333
A70: 564082971 | B70: 3423356 | C70: 42703.426 | D70: 42703.45 | F70: 25849 | G70: =VLOOKUP(F70,Учителя!$A:$H,3,0) -> Пермь | H70: success | I70: 42703.52 | J70: single | K70: 34.25
A71: 360909499 | B71: 3539212 | C71: 42760.655 | D71: 42760.641 | F71: 27457 | G71: =VLOOKUP(F71,Учителя!$A:$H,3,0) -> Челябинск | H71: success | I71: 42761.27 | J71: single | K71: -21.4
A72: 646897024 | B72: 3730865 | C72: 42824.365 | D72: 42824.375 | F72: 15605 | G72: =VLOOKUP(F72,Учителя!$A:$H,3,0) -> Белгород-Днестровский | H72: success | I72: 42824.426 | J72: single | K72: 14.483333
A73: 129358606 | B73: 3795802 | C73: 42849.399 | D73: 42849.424 | F73: 67832 | G73: =VLOOKUP(F73,Учителя!$A:$H,3,0) -> Киев | H73: success | I73: 42849.891 | J73: single | K73: 35.883333
A74: 1984910 | B74: 4471768 | C74: 43010.483 | D74: 43010.572 | F74: 52252 | G74: =VLOOKUP(F74,Учителя!$A:$H,3,0) -> Харьков | H74: success | I74: 43010.617 | J74: single | K74: 127.35
A75: 206750300 | B75: 4646142 | C75: 43045.411 | D75: 43045.414 | F75: 81376 | G75: =VLOOKUP(F75,Учителя!$A:$H,3,0) -> Тюмень | H75: success | I75: 43045.473 | J75: single | K75: 4.3
A76: 129329224 | B76: 4818697 | C76: 43072.9 | D76: 43072.992 | E76: 43072.897 | F76: 44845 | G76: =VLOOKUP(F76,Учителя!$A:$H,3,0) -> Винница | H76: moved | I76: 43072.894 | J76: single | K76: 132.26667
A77: 184811673 | B77: 4805755 | C77: 43089.401 | D77: 43089.45 | E77: 43088.904 | F77: 52017 | G77: =VLOOKUP(F77,Учителя!$A:$H,3,0) -> Бровары | J77: single | K77: 71.4
A78: 80564521 | B78: 2993416 | C78: 42428.412 | D78: 42428.447 | F78: 49340 | G78: =VLOOKUP(F78,Учителя!$A:$H,3,0) -> Лосино-Петровский | H78: canceled_by_teacher | I78: 42433.549 | J78: single | K78: 50.516667
A79: 557651982 | B79: 3017744 | C79: 42454.399 | D79: 42454.414 | E79: 42451.741 | F79: 52373 | G79: =VLOOKUP(F79,Учителя!$A:$H,3,0) -> Магнитогорск | J79: single | K79: 21.733333
A80: 459374225 | B80: 3299350 | C80: 42642.9 | D80: 42642.98 | F80: 74354 | G80: =VLOOKUP(F80,Учителя!$A:$H,3,0) -> Казань | H80: success | I80: 42644.721 | J80: single | K80: 114.21667
A81: 87589504 | B81: 3492978 | C81: 42744.63 | D81: 42744.642 | E81: 42732.53 | F81: 36469 | G81: =VLOOKUP(F81,Учителя!$A:$H,3,0) -> 0 | J81: single | K81: 17.516667
A82: 563931670 | B82: 3566538 | C82: 42767.764 | D82: 42767.847 | F82: 114405 | G82: =VLOOKUP(F82,Учителя!$A:$H,3,0) -> 0 | H82: success | I82: 42767.904 | J82: single | K82: 119.71667
A83: 656003767 | B83: 4904908 | C83: 43084.694 | D83: 43084.772 | F83: 37356 | G83: =VLOOKUP(F83,Учителя!$A:$H,3,0) -> Пермь | H83: success | I83: 43084.763 | J83: single | K83: 112.81667
A84: 10967578 | B84: 3330794 | C84: 42657.772 | D84: 42657.761 | F84: 11331 | G84: =VLOOKUP(F84,Учителя!$A:$H,3,0) -> 0 | H84: failed_by_student | I84: 42657.765 | J84: single | K84: -16
A85: 61410489 | B85: 3344261 | C85: 42667.478 | D85: 42667.554 | E85: 42665.634 | F85: 93065 | G85: =VLOOKUP(F85,Учителя!$A:$H,3,0) -> Hanoi | H85: moved | I85: 42665.665 | J85: single | K85: 109
A86: 65200870 | B86: 3403108 | C86: 42693.409 | D86: 42693.404 | E86: 42693.37 | F86: 36833 | G86: =VLOOKUP(F86,Учителя!$A:$H,3,0) -> Витебск | H86: moved | I86: 42693.319 | J86: single | K86: -7.0833333
A87: 59995492 | B87: 3464672 | C87: 42721.361 | D87: 42721.395 | F87: 52373 | G87: =VLOOKUP(F87,Учителя!$A:$H,3,0) -> Магнитогорск | H87: success | I87: 42721.452 | J87: single | K87: 48.1
A88: 12914313 | B88: 3542165 | C88: 42757.905 | D88: 42757.927 | F88: 104401 | G88: =VLOOKUP(F88,Учителя!$A:$H,3,0) -> Ровно | H88: success | I88: 42757.932 | J88: single | K88: 32.666667
A89: 88267612 | B89: 3639799 | C89: 42794.791 | D89: 42794.86 | F89: 51916 | G89: =VLOOKUP(F89,Учителя!$A:$H,3,0) -> Ростов-на-Дону | H89: success | I89: 42794.847 | J89: single | K89: 99.016667
A90: 136613856 | B90: 3671917 | C90: 42804.388 | D90: 42804.479 | F90: 53209 | G90: =VLOOKUP(F90,Учителя!$A:$H,3,0) -> Саратов | H90: success | I90: 42804.46 | J90: single | K90: 130.76667
A91: 275505680 | B91: 3688796 | C91: 42811.927 | D91: 42811.969 | E91: 42812.368 | F91: 26745 | G91: =VLOOKUP(F91,Учителя!$A:$H,3,0) -> 0 | H91: moved | I91: 42812.361 | J91: single | K91: 61.366667
A92: 403450144 | B92: 3813412 | C92: 42849.394 | D92: 42849.382 | F92: 187138 | G92: =VLOOKUP(F92,Учителя!$A:$H,3,0) -> Полтава | H92: success | I92: 42849.424 | J92: single | K92: -17.3
A93: 466793764 | B93: 3841863 | C93: 42859.311 | D93: 42859.327 | F93: 25947 | G93: =VLOOKUP(F93,Учителя!$A:$H,3,0) -> Ульяновск | H93: success | I93: 42859.399 | J93: single | K93: 22
A94: 738831327 | B94: 3854910 | C94: 42865.465 | D94: 42865.479 | F94: 151440 | G94: =VLOOKUP(F94,Учителя!$A:$H,3,0) -> Петрозаводск | H94: success | I94: 42865.514 | J94: single | K94: 20.816667
A95: 170698811 | B95: 3977302 | C95: 42892.732 | D95: 42892.721 | F95: 68246 | G95: =VLOOKUP(F95,Учителя!$A:$H,3,0) -> Челябинск | H95: success | I95: 42892.862 | J95: single | K95: -15.783333
A96: 527669194 | B96: 4141888 | C96: 42936.662 | D96: 42936.688 | E96: 42934.504 | F96: 355897 | G96: =VLOOKUP(F96,Учителя!$A:$H,3,0) -> Ухта | H96: moved | I96: 42934.507 | J96: single | K96: 37.283333
A97: 587725284 | B97: 4203072 | C97: 42951.38 | D97: 42951.486 | F97: 198903 | G97: =VLOOKUP(F97,Учителя!$A:$H,3,0) -> Алматы | H97: success | I97: 42951.468 | J97: single | K97: 152.53333
A98: 224971923 | B98: 4398318 | C98: 42997.841 | D98: 42997.903 | F98: 37839 | G98: =VLOOKUP(F98,Учителя!$A:$H,3,0) -> 0 | H98: success | I98: 42997.889 | J98: single | K98: 89.083333
A99: 749433880 | B99: 3116336 | C99: 42522.852 | D99: 42522.924 | F99: 24628 | G99: =VLOOKUP(F99,Учителя!$A:$H,3,0) -> Львов | H99: success | I99: 42523.663 | J99: single | K99: 103.53333
A100: 679837738 | B100: 3250653 | C100: 42612.88 | D100: 42612.941 | F100: 24200 | G100: =VLOOKUP(F100,Учителя!$A:$H,3,0) -> Запорожье | H100: success | I100: 42612.989 | J100: single | K100: 89.2
A101: 1984910 | B101: 3471973 | C101: 42724.789 | D101: 42724.76 | F101: 52252 | G101: =VLOOKUP(F101,Учителя!$A:$H,3,0) -> Харьков | H101: success | I101: 42724.826 | J101: single | K101: -42.15
A102: 540568062 | B102: 3674150 | C102: 42806.464 | D102: 42806.489 | F102: 45420 | G102: =VLOOKUP(F102,Учителя!$A:$H,3,0) -> Николаев | H102: success | I102: 42806.542 | J102: single | K102: 35.366667
A103: 220631502 | B103: 3646105 | C103: 42806.869 | D103: 42806.855 | F103: 75621 | G103: =VLOOKUP(F103,Учителя!$A:$H,3,0) -> Минск | H103: success | I103: 42806.847 | J103: single | K103: -20.75
A104: 226432651 | B104: 4104629 | C104: 42926.457 | D104: 42926.47 | F104: 138589 | G104: =VLOOKUP(F104,Учителя!$A:$H,3,0) -> Нижний Новгород | H104: success | I104: 42926.912 | J104: single | K104: 17.6
A105: 1984910 | B105: 4171135 | C105: 42944.502 | D105: 42944.596 | F105: 52252 | G105: =VLOOKUP(F105,Учителя!$A:$H,3,0) -> Харьков | H105: canceled_by_student | I105: 42947.55 | J105: single | K105: 135.1
A106: 308736731 | B106: 3138661 | C106: 42535.743 | D106: 42535.752 | F106: 49215 | G106: =VLOOKUP(F106,Учителя!$A:$H,3,0) -> 0 | H106: success | I106: 42535.734 | J106: single | K106: 12.383333
A107: 65200870 | B107: 3366145 | C107: 42677.744 | D107: 42677.825 | F107: 36833 | G107: =VLOOKUP(F107,Учителя!$A:$H,3,0) -> Витебск | H107: success | I107: 42677.803 | J107: single | K107: 116.91667
A108: 508646386 | B108: 3432530 | C108: 42709.754 | D108: 42709.802 | F108: 72198 | G108: =VLOOKUP(F108,Учителя!$A:$H,3,0) -> Antalya | H108: success | I108: 42709.861 | J108: single | K108: 68.566667
A109: 559009247 | B109: 3487677 | C109: 42733.837 | D109: 42733.905 | F109: 55264 | G109: =VLOOKUP(F109,Учителя!$A:$H,3,0) -> Львов | H109: success | I109: 42734.7 | J109: single | K109: 97.766667
A110: 253099073 | B110: 3451538 | C110: 42733.851 | D110: 42733.844 | E110: 42726.831 | F110: 152504 | G110: =VLOOKUP(F110,Учителя!$A:$H,3,0) -> Москва | J110: single | K110: -9.6
A111: 65200870 | B111: 3565749 | C111: 42771.811 | D111: 42771.818 | F111: 45890 | G111: =VLOOKUP(F111,Учителя!$A:$H,3,0) -> 0 | H111: success | I111: 42771.82 | J111: single | K111: 10.85
A112: 77864324 | B112: 3774429 | C112: 42837.337 | D112: 42837.403 | F112: 204887 | G112: =VLOOKUP(F112,Учителя!$A:$H,3,0) -> Томск | H112: success | I112: 42837.453 | J112: single | K112: 94.966667
A113: 184811673 | B113: 4533766 | C113: 43034.388 | D113: 43034.426 | F113: 52017 | G113: =VLOOKUP(F113,Учителя!$A:$H,3,0) -> Бровары | H113: success | I113: 43034.49 | J113: single | K113: 53.416667
A114: 129329224 | B114: 4724633 | C114: 43069.391 | D114: 43069.461 | E114: 43070.721 | F114: 44845 | G114: =VLOOKUP(F114,Учителя!$A:$H,3,0) -> Винница | H114: moved | I114: 43070.728 | J114: single | K114: 101.36667
A115: 184811673 | B115: 3206398 | C115: 42594.448 | D115: 42594.468 | E115: 42585.892 | F115: 52017 | G115: =VLOOKUP(F115,Учителя!$A:$H,3,0) -> Бровары | J115: single | K115: 28.666667
...

Sheet Успешные уроки 68110
A1: User ID | B1: ID Class | C1: Class Start Date Time | D1: Class End Date Time | E1: Class Removed Date Time | F1: ID Teacher | G1: Class Status | H1: Class Status Date Time | I1: Class Type | J1: Class Duration
A2: 325348 | B2: 3036485 | C2: 42465.444 | D2: 42465.427 | F2: 47743 | G2: success | H2: 42465.555 | I2: regular | J2: -24.683333
A3: 250209585 | B3: 3042917 | C3: 42469.608 | D3: 42469.619 | F3: 51564 | G3: success | H3: 42469.625 | I3: regular | J3: 15.433333
A4: 518406438 | B4: 3074966 | C4: 42491.763 | D4: 42491.825 | F4: 26896 | G4: failed_by_student | H4: 42491.514 | I4: regular | J4: 89.3
A5: 666791637 | B5: 3103245 | C5: 42511.422 | D5: 42511.483 | F5: 51450 | G5: canceled_by_student | H5: 42512.234 | I5: regular | J5: 88.7
A6: 310771064 | B6: 3123907 | C6: 42525.455 | D6: 42525.454 | F6: 19513 | G6: success | H6: 42525.478 | I6: regular | J6: -1.05
A7: 820726831 | B7: 3137396 | C7: 42534.825 | D7: 42534.837 | F7: 45226 | G7: success | H7: 42535.341 | I7: regular | J7: 16.283333
A8: 87910119 | B8: 3142195 | C8: 42537.296 | D8: 42537.36 | F8: 46409 | G8: canceled_by_student | H8: 42537.587 | I8: regular | J8: 90.983333
A9: 557318231 | B9: 3163558 | C9: 42551.623 | D9: 42551.612 | F9: 16064 | G9: success | H9: 42551.796 | I9: regular | J9: -16.1
A10: 378031781 | B10: 3165081 | C10: 42552.925 | D10: 42552.95 | E10: 42552.671 | F10: 54349 | I10: regular | J10: 36.916667
A11: 819834854 | B11: 3179696 | C11: 42562.914 | D11: 42562.938 | F11: 62525 | G11: canceled_by_teacher | H11: 42562.979 | I11: regular | J11: 34.55
A12: 53930100 | B12: 3190831 | C12: 42570.739 | D12: 42570.757 | F12: 46401 | G12: success | H12: 42571.807 | I12: regular | J12: 27.05
A13: 577136653 | B13: 3393876 | C13: 42706.742 | D13: 42706.765 | F13: 73877 | G13: canceled_by_student | H13: 42707.632 | I13: single | J13: 33.466667
A14: 820269817 | B14: 3491015 | C14: 42733.853 | D14: 42733.831 | F14: 129840 | G14: failed_by_student | H14: 42733.931 | I14: single | J14: -31.833333
A15: 812848522 | B15: 3517332 | C15: 42748.424 | D15: 42748.463 | F15: 22703 | G15: canceled_by_student | H15: 42748.647 | I15: single | J15: 56.6
A16: 702993006 | B16: 3702595 | C16: 42823.712 | D16: 42823.786 | F16: 62526 | G16: success | H16: 42823.829 | I16: single | J16: 107.06667
A17: 275505680 | B17: 4493327 | C17: 43015.955 | D17: 43015.972 | F17: 26745 | G17: success | H17: 43016.42 | I17: single | J17: 23.716667
A18: 265631576 | B18: 3017789 | C18: 42452.562 | D18: 42452.577 | F18: 51907 | G18: canceled_by_teacher | H18: 42452.584 | I18: single | J18: 22.4
A19: 312890749 | B19: 3051957 | C19: 42478.436 | D19: 42478.457 | F19: 52940 | G19: success | H19: 42478.425 | I19: single | J19: 31.283333
A20: 812848522 | B20: 3459655 | C20: 42723.499 | D20: 42723.504 | F20: 22703 | G20: success | H20: 42723.543 | I20: single | J20: 7.2333333
A21: 825271993 | B21: 3481219 | C21: 42731.801 | D21: 42731.854 | F21: 37836 | G21: success | H21: 42731.832 | I21: single | J21: 75.516667
A22: 735566020 | B22: 3641656 | C22: 42824.847 | D22: 42824.922 | E22: 42810.555 | F22: 52344 | I22: single | J22: 108.6
A23: 459374225 | B23: 3744356 | C23: 42829.91 | D23: 42829.922 | F23: 74354 | G23: success | H23: 42829.957 | I23: single | J23: 17.45
A24: 750711381 | B24: 3770985 | C24: 42836.586 | D24: 42836.605 | F24: 155465 | G24: failed_by_student | H24: 42836.644 | I24: single | J24: 26.95
A25: 354074093 | B25: 4183165 | C25: 42944.828 | D25: 42944.821 | F25: 44903 | G25: success | H25: 42944.854 | I25: single | J25: -8.7333333
A26: 312890749 | B26: 4234049 | C26: 42958.425 | D26: 42958.457 | F26: 52940 | G26: success | H26: 42958.447 | I26: single | J26: 45.183333
A27: 363117914 | B27: 4240904 | C27: 42958.835 | D27: 42958.872 | F27: 121144 | G27: success | H27: 42958.921 | I27: single | J27: 54
A28: 460717125 | B28: 4279632 | C28: 42967.474 | D28: 42967.466 | F28: 138716 | G28: canceled_by_teacher | H28: 42968.441 | I28: single | J28: -10.7
A29: 646897024 | B29: 4394006 | C29: 42994.387 | D29: 42994.463 | E29: 42995.859 | F29: 15605 | G29: moved | H29: 42995.916 | I29: single | J29: 110.01667
A30: 601916433 | B30: 4441033 | C30: 43023.59 | D30: 43023.639 | E30: 43018.383 | F30: 193004 | I30: single | J30: 69.833333
A31: 564082971 | B31: 3090259 | C31: 42509.502 | D31: 42509.563 | F31: 25849 | G31: success | H31: 42509.562 | I31: single | J31: 87.416667
A32: 60655363 | B32: 3212863 | C32: 42585.886 | D32: 42585.949 | F32: 67856 | G32: success | H32: 42585.946 | I32: single | J32: 91.033333
A33: 148765721 | B33: 3359784 | C33: 42674.405 | D33: 42674.431 | F33: 96432 | G33: success | H33: 42674.42 | I33: single | J33: 37.25
A34: 8787726 | B34: 3442252 | C34: 42714.783 | D34: 42714.837 | F34: 58745 | G34: failed_by_student | H34: 42714.529 | I34: single | J34: 77.1
A35: 355869457 | B35: 3512712 | C35: 42744.8 | D35: 42744.841 | F35: 142140 | G35: success | H35: 42744.849 | I35: single | J35: 59.15
A36: 354313060 | B36: 3526322 | C36: 42752.845 | D36: 42752.95 | F36: 24333 | G36: success | H36: 42752.921 | I36: single | J36: 151.91667
A37: 527459900 | B37: 3602433 | C37: 42781.924 | D37: 42781.952 | F37: 72684 | G37: success | H37: 42781.96 | I37: single | J37: 39.916667
A38: 848130149 | B38: 3830803 | C38: 42858.498 | D38: 42858.509 | F38: 82975 | G38: success | H38: 42858.456 | I38: single | J38: 14.983333
A39: 117173613 | B39: 3915243 | C39: 42877.364 | D39: 42877.365 | F39: 322426 | G39: success | H39: 42877.352 | I39: single | J39: 0.78333334
A40: 381283784 | B40: 4082049 | C40: 42917.341 | D40: 42917.402 | F40: 52049 | G40: canceled_by_student | H40: 42918.452 | I40: single | J40: 86.85
A41: 346821870 | B41: 4265743 | C41: 42964.792 | D41: 42964.902 | F41: 158334 | G41: success | H41: 42964.908 | I41: single | J41: 158.73333
A42: 312890749 | B42: 4640298 | C42: 43047.439 | D42: 43047.497 | F42: 52940 | G42: success | H42: 43047.459 | I42: single | J42: 84.566667
... A58: 170537679 | B58: 3550829 | C58: 42761.395 | D58: 42761.415 | F58: 102026 | G58: success | H58: 42761.487 | I58: single | J58: 29.45
A59: 225922946 | B59: 3544200 | C59: 42762.512 | D59: 42762.557 | E59: 42758.558 | F59: 11331 | I59: single | J59: 64.816667
A60: 540568062 | B60: 3594802 | C60: 42779.434 | D60: 42779.517 | F60: 45420 | G60: success | H60: 42779.504 | I60: single | J60: 119.66667
A61: 360525108 | B61: 3612706 | C61: 42785.74 | D61: 42785.759 | F61: 209334 | G61: canceled_by_student | H61: 42785.821 | I61: single | J61: 26.866667
A62: 184811673 | B62: 3819498 | C62: 42851.399 | D62: 42851.415 | F62: 52017 | G62: success | H62: 42851.458 | I62: single | J62: 22.466667
A63: 591700300 | B63: 3953761 | C63: 42885.795 | D63: 42885.791 | F63: 72690 | G63: success | H63: 42885.869 | I63: single | J63: -4.7166667
A64: 293308683 | B64: 3965424 | C64: 42890.494 | D64: 42890.507 | F64: 52264 | G64: success | H64: 42890.514 | I64: single | J64: 18.683333
A65: 63547622 | B65: 4136889 | C65: 42936.363 | D65: 42936.383 | F65: 377798 | G65: success | H65: 42936.404 | I65: single | J65: 28.5
A66: 186789343 | B66: 4928825 | C66: 43090.442 | D66: 43090.447 | E66: 43090.117 | F66: 47996 | I66: single | J66: 6.9
A67: 804442294 | B67: 3080169 | C67: 42495.961 | D67: 42495.994 | E67: 42495.567 | F67: 49344 | I67: single | J67: 47.866667
A68: 24376279 | B68: 3244183 | C68: 42607.272 | D68: 42607.381 | F68: 55935 | G68: success | H68: 42607.418 | I68: single | J68: 156.8
A69: 800427496 | B69: 3338270 | C69: 42667.47 | D69: 42667.476 | F69: 44084 | G69: success | H69: 42667.539 | I69: single | J69: 9.5833333
A70: 564082971 | B70: 3423356 | C70: 42703.426 | D70: 42703.45 | F70: 25849 | G70: success | H70: 42703.52 | I70: single | J70: 34.25
A71: 360909499 | B71: 3539212 | C71: 42760.655 | D71: 42760.641 | F71: 27457 | G71: success | H71: 42761.27 | I71: single | J71: -21.4
A72: 646897024 | B72: 3730865 | C72: 42824.365 | D72: 42824.375 | F72: 15605 | G72: success | H72: 42824.426 | I72: single | J72: 14.483333
A73: 129358606 | B73: 3795802 | C73: 42849.399 | D73: 42849.424 | F73: 67832 | G73: success | H73: 42849.891 | I73: single | J73: 35.883333
A74: 1984910 | B74: 4471768 | C74: 43010.483 | D74: 43010.572 | F74: 52252 | G74: success | H74: 43010.617 | I74: single | J74: 127.35
A75: 206750300 | B75: 4646142 | C75: 43045.411 | D75: 43045.414 | F75: 81376 | G75: success | H75: 43045.473 | I75: single | J75: 4.3
A76: 129329224 | B76: 4818697 | C76: 43072.9 | D76: 43072.992 | E76: 43072.897 | F76: 44845 | G76: moved | H76: 43072.894 | I76: single | J76: 132.26667
A77: 184811673 | B77: 4805755 | C77: 43089.401 | D77: 43089.45 | E77: 43088.904 | F77: 52017 | I77: single | J77: 71.4
A78: 80564521 | B78: 2993416 | C78: 42428.412 | D78: 42428.447 | F78: 49340 | G78: canceled_by_teacher | H78: 42433.549 | I78: single | J78: 50.516667
A79: 557651982 | B79: 3017744 | C79: 42454.399 | D79: 42454.414 | E79: 42451.741 | F79: 52373 | I79: single | J79: 21.733333
A80: 459374225 | B80: 3299350 | C80: 42642.9 | D80: 42642.98 | F80: 74354 | G80: success | H80: 42644.721 | I80: single | J80: 114.21667
A81: 87589504 | B81: 3492978 | C81: 42744.63 | D81: 42744.642 | E81: 42732.53 | F81: 36469 | I81: single | J81: 17.516667
A82: 563931670 | B82: 3566538 | C82: 42767.764 | D82: 42767.847 | F82: 114405 | G82: success | H82: 42767.904 | I82: single | J82: 119.71667
A83: 656003767 | B83: 4904908 | C83: 43084.694 | D83: 43084.772 | F83: 37356 | G83: success | H83: 43084.763 | I83: single | J83: 112.81667
A84: 10967578 | B84: 3330794 | C84: 42657.772 | D84: 42657.761 | F84: 11331 | G84: failed_by_student | H84: 42657.765 | I84: single | J84: -16
A85: 61410489 | B85: 3344261 | C85: 42667.478 | D85: 42667.554 | E85: 42665.634 | F85: 93065 | G85: moved | H85: 42665.665 | I85: single | J85: 109
A86: 65200870 | B86: 3403108 | C86: 42693.409 | D86: 42693.404 | E86: 42693.37 | F86: 36833 | G86: moved | H86: 42693.319 | I86: single | J86: -7.0833333
A87: 59995492 | B87: 3464672 | C87: 42721.361 | D87: 42721.395 | F87: 52373 | G87: success | H87: 42721.452 | I87: single | J87: 48.1
A88: 12914313 | B88: 3542165 | C88: 42757.905 | D88: 42757.927 | F88: 104401 | G88: success | H88: 42757.932 | I88: single | J88: 32.666667
A89: 88267612 | B89: 3639799 | C89: 42794.791 | D89: 42794.86 | F89: 51916 | G89: success | H89: 42794.847 | I89: single | J89: 99.016667
A90: 136613856 | B90: 3671917 | C90: 42804.388 | D90: 42804.479 | F90: 53209 | G90: success | H90: 42804.46 | I90: single | J90: 130.76667
A91: 275505680 | B91: 3688796 | C91: 42811.927 | D91: 42811.969 | E91: 42812.368 | F91: 26745 | G91: moved | H91: 42812.361 | I91: single | J91: 61.366667
A92: 403450144 | B92: 3813412 | C92: 42849.394 | D92: 42849.382 | F92: 187138 | G92: success | H92: 42849.424 | I92: single | J92: -17.3
A93: 466793764 | B93: 3841863 | C93: 42859.311 | D93: 42859.327 | F93: 25947 | G93: success | H93: 42859.399 | I93: single | J93: 22
A94: 738831327 | B94: 3854910 | C94: 42865.465 | D94: 42865.479 | F94: 151440 | G94: success | H94: 42865.514 | I94: single | J94: 20.816667
A95: 170698811 | B95: 3977302 | C95: 42892.732 | D95: 42892.721 | F95: 68246 | G95: success | H95: 42892.862 | I95: single | J95: -15.783333
A96: 527669194 | B96: 4141888 | C96: 42936.662 | D96: 42936.688 | E96: 42934.504 | F96: 355897 | G96: moved | H96: 42934.507 | I96: single | J96: 37.283333
A97: 587725284 | B97: 4203072 | C97: 42951.38 | D97: 42951.486 | F97: 198903 | G97: success | H97: 42951.468 | I97: single | J97: 152.53333
A98: 224971923 | B98: 4398318 | C98: 42997.841 | D98: 42997.903 | F98: 37839 | G98: success | H98: 42997.889 | I98: single | J98: 89.083333
A99: 749433880 | B99: 3116336 | C99: 42522.852 | D99: 42522.924 | F99: 24628 | G99: success | H99: 42523.663 | I99: single | J99: 103.53333
A100: 679837738 | B100: 3250653 | C100: 42612.88 | D100: 42612.941 | F100: 24200 | G100: success | H100: 42612.989 | I100: single | J100: 89.2
A101: 1984910 | B101: 3471973 | C101: 42724.789 | D101: 42724.76 | F101: 52252 | G101: success | H101: 42724.826 | I101: single | J101: -42.15
A102: 540568062 | B102: 3674150 | C102: 42806.464 | D102: 42806.489 | F102: 45420 | G102: success | H102: 42806.542 | I102: single | J102: 35.366667
A103: 220631502 | B103: 3646105 | C103: 42806.869 | D103: 42806.855 | F103: 75621 | G103: success | H103: 42806.847 | I103: single | J103: -20.75
A104: 226432651 | B104: 4104629 | C104: 42926.457 | D104: 42926.47 | F104: 138589 | G104: success | H104: 42926.912 | I104: single | J104: 17.6
A105: 1984910 | B105: 4171135 | C105: 42944.502 | D105: 42944.596 | F105: 52252 | G105: canceled_by_student | H105: 42947.55 | I105: single | J105: 135.1
A106: 308736731 | B106: 3138661 | C106: 42535.743 | D106: 42535.752 | F106: 49215 | G106: success | H106: 42535.734 | I106: single | J106: 12.383333
A107: 65200870 | B107: 3366145 | C107: 42677.744 | D107: 42677.825 | F107: 36833 | G107: success | H107: 42677.803 | I107: single | J107: 116.91667
A108: 508646386 | B108: 3432530 | C108: 42709.754 | D108: 42709.802 | F108: 72198 | G108: success | H108: 42709.861 | I108: single | J108: 68.566667
A109: 559009247 | B109: 3487677 | C109: 42733.837 | D109: 42733.905 | F109: 55264 | G109: success | H109: 42734.7 | I109: single | J109: 97.766667
A110: 253099073 | B110: 3451538 | C110: 42733.851 | D110: 42733.844 | E110: 42726.831 | F110: 152504 | I110: single | J110: -9.6
A111: 65200870 | B111: 3565749 | C111: 42771.811 | D111: 42771.818 | F111: 45890 | G111: success | H111: 42771.82 | I111: single | J111: 10.85
A112: 77864324 | B112: 3774429 | C112: 42837.337 | D112: 42837.403 | F112: 204887 | G112: success | H112: 42837.453 | I112: single | J112: 94.966667
A113: 184811673 | B113: 4533766 | C113: 43034.388 | D113: 43034.426 | F113: 52017 | G113: success | H113: 43034.49 | I113: single | J113: 53.416667
A114: 129329224 | B114: 4724633 | C114: 43069.391 | D114: 43069.461 | E114: 43070.721 | F114: 44845 | G114: moved | H114: 43070.728 | I114: single | J114: 101.36667
A115: 184811673 | B115: 3206398 | C115: 42594.448 | D115: 42594.468 | E115: 42585.892 | F115: 52017 | I115: single | J115: 28.666667
...

Sheet Подозрительные уроки
A1: User ID | B1: ID Class | C1: Class Start Date Time | D1: Class End Date Time | E1: Class Removed Date Time | F1: ID Teacher | G1: Class Status | H1: Class Status Date Time | I1: Class Type | J1: Class Duration | K1: Подозрительный урок
A2: 325348 | B2: 3036485 | C2: 42465.444 | D2: 42465.427 | F2: 47743 | G2: success | H2: 42465.555 | I2: regular | J2: -24.683333 | K2: =OR(IF(J2<30,1,0),IF(J2>120,1,0)) -> TRUE
A3: 250209585 | B3: 3042917 | C3: 42469.608 | D3: 42469.619 | F3: 51564 | G3: success | H3: 42469.625 | I3: regular | J3: 15.433333 | K3: =OR(IF(J3<30,1,0),IF(J3>120,1,0)) -> TRUE
A4: 518406438 | B4: 3074966 | C4: 42491.763 | D4: 42491.825 | F4: 26896 | G4: failed_by_student | H4: 42491.514 | I4: regular | J4: 89.3 | K4: =OR(IF(J4<30,1,0),IF(J4>120,1,0)) -> FALSE
A5: 666791637 | B5: 3103245 | C5: 42511.422 | D5: 42511.483 | F5: 51450 | G5: canceled_by_student | H5: 42512.234 | I5: regular | J5: 88.7 | K5: =OR(IF(J5<30,1,0),IF(J5>120,1,0)) -> FALSE
A6: 310771064 | B6: 3123907 | C6: 42525.455 | D6: 42525.454 | F6: 19513 | G6: success | H6: 42525.478 | I6: regular | J6: -1.05 | K6: =OR(IF(J6<30,1,0),IF(J6>120,1,0)) -> TRUE
A7: 820726831 | B7: 3137396 | C7: 42534.825 | D7: 42534.837 | F7: 45226 | G7: success | H7: 42535.341 | I7: regular | J7: 16.283333 | K7: =OR(IF(J7<30,1,0),IF(J7>120,1,0)) -> TRUE
A8: 87910119 | B8: 3142195 | C8: 42537.296 | D8: 42537.36 | F8: 46409 | G8: canceled_by_student | H8: 42537.587 | I8: regular | J8: 90.983333 | K8: =OR(IF(J8<30,1,0),IF(J8>120,1,0)) -> FALSE
A9: 557318231 | B9: 3163558 | C9: 42551.623 | D9: 42551.612 | F9: 16064 | G9: success | H9: 42551.796 | I9: regular | J9: -16.1 | K9: =OR(IF(J9<30,1,0),IF(J9>120,1,0)) -> TRUE
A10: 378031781 | B10: 3165081 | C10: 42552.925 | D10: 42552.95 | E10: 42552.671 | F10: 54349 | I10: regular | J10: 36.916667 | K10: =OR(IF(J10<30,1,0),IF(J10>120,1,0)) -> FALSE
A11: 819834854 | B11: 3179696 | C11: 42562.914 | D11: 42562.938 | F11: 62525 | G11: canceled_by_teacher | H11: 42562.979 | I11: regular | J11: 34.55 | K11: =OR(IF(J11<30,1,0),IF(J11>120,1,0)) -> FALSE
A12: 53930100 | B12: 3190831 | C12: 42570.739 | D12: 42570.757 | F12: 46401 | G12: success | H12: 42571.807 | I12: regular | J12: 27.05 | K12: =OR(IF(J12<30,1,0),IF(J12>120,1,0)) -> TRUE
A13: 577136653 | B13: 3393876 | C13: 42706.742 | D13: 42706.765 | F13: 73877 | G13: canceled_by_student | H13: 42707.632 | I13: single | J13: 33.466667 | K13: =OR(IF(J13<30,1,0),IF(J13>120,1,0)) -> FALSE
A14: 820269817 | B14: 3491015 | C14: 42733.853 | D14: 42733.831 | F14: 129840 | G14: failed_by_student | H14: 42733.931 | I14: single | J14: -31.833333 | K14: =OR(IF(J14<30,1,0),IF(J14>120,1,0)) -> TRUE
A15: 812848522 | B15: 3517332 | C15: 42748.424 | D15: 42748.463 | F15: 22703 | G15: canceled_by_student | H15: 42748.647 | I15: single | J15: 56.6 | K15: =OR(IF(J15<30,1,0),IF(J15>120,1,0)) -> FALSE
A16: 702993006 | B16: 3702595 | C16: 42823.712 | D16: 42823.786 | F16: 62526 | G16: success | H16: 42823.829 | I16: single | J16: 107.06667 | K16: =OR(IF(J16<30,1,0),IF(J16>120,1,0)) -> FALSE
A17: 275505680 | B17: 4493327 | C17: 43015.955 | D17: 43015.972 | F17: 26745 | G17: success | H17: 43016.42 | I17: single | J17: 23.716667 | K17: =OR(IF(J17<30,1,0),IF(J17>120,1,0)) -> TRUE
A18: 265631576 | B18: 3017789 | C18: 42452.562 | D18: 42452.577 | F18: 51907 | G18: canceled_by_teacher | H18: 42452.584 | I18: single | J18: 22.4 | K18: =OR(IF(J18<30,1,0),IF(J18>120,1,0)) -> TRUE
A19: 312890749 | B19: 3051957 | C19: 42478.436 | D19: 42478.457 | F19: 52940 | G19: success | H19: 42478.425 | I19: single | J19: 31.283333 | K19: =OR(IF(J19<30,1,0),IF(J19>120,1,0)) -> FALSE
A20: 812848522 | B20: 3459655 | C20: 42723.499 | D20: 42723.504 | F20: 22703 | G20: success | H20: 42723.543 | I20: single | J20: 7.2333333 | K20: =OR(IF(J20<30,1,0),IF(J20>120,1,0)) -> TRUE
A21: 825271993 | B21: 3481219 | C21: 42731.801 | D21: 42731.854 | F21: 37836 | G21: success | H21: 42731.832 | I21: single | J21: 75.516667 | K21: =OR(IF(J21<30,1,0),IF(J21>120,1,0)) -> FALSE
A22: 735566020 | B22: 3641656 | C22: 42824.847 | D22: 42824.922 | E22: 42810.555 | F22: 52344 | I22: single | J22: 108.6 | K22: =OR(IF(J22<30,1,0),IF(J22>120,1,0)) -> FALSE
A23: 459374225 | B23: 3744356 | C23: 42829.91 | D23: 42829.922 | F23: 74354 | G23: success | H23: 42829.957 | I23: single | J23: 17.45 | K23: =OR(IF(J23<30,1,0),IF(J23>120,1,0)) -> TRUE
A24: 750711381 | B24: 3770985 | C24: 42836.586 | D24: 42836.605 | F24: 155465 | G24: failed_by_student | H24: 42836.644 | I24: single | J24: 26.95 | K24: =OR(IF(J24<30,1,0),IF(J24>120,1,0)) -> TRUE
A25: 354074093 | B25: 4183165 | C25: 42944.828 | D25: 42944.821 | F25: 44903 | G25: success | H25: 42944.854 | I25: single | J25: -8.7333333 | K25: =OR(IF(J25<30,1,0),IF(J25>120,1,0)) -> TRUE
A26: 312890749 | B26: 4234049 | C26: 42958.425 | D26: 42958.457 | F26: 52940 | G26: success | H26: 42958.447 | I26: single | J26: 45.183333 | K26: =OR(IF(J26<30,1,0),IF(J26>120,1,0)) -> FALSE
A27: 363117914 | B27: 4240904 | C27: 42958.835 | D27: 42958.872 | F27: 121144 | G27: success | H27: 42958.921 | I27: single | J27: 54 | K27: =OR(IF(J27<30,1,0),IF(J27>120,1,0)) -> FALSE
A28: 460717125 | B28: 4279632 | C28: 42967.474 | D28: 42967.466 | F28: 138716 | G28: canceled_by_teacher | H28: 42968.441 | I28: single | J28: -10.7 | K28: =OR(IF(J28<30,1,0),IF(J28>120,1,0)) -> TRUE
A29: 646897024 | B29: 4394006 | C29: 42994.387 | D29: 42994.463 | E29: 42995.859 | F29: 15605 | G29: moved | H29: 42995.916 | I29: single | J29: 110.01667 | K29: =OR(IF(J29<30,1,0),IF(J29>120,1,0)) -> FALSE
A30: 601916433 | B30: 4441033 | C30: 43023.59 | D30: 43023.639 | E30: 43018.383 | F30: 193004 | I30: single | J30: 69.833333 | K30: =OR(IF(J30<30,1,0),IF(J30>120,1,0)) -> FALSE
A31: 564082971 | B31: 3090259 | C31: 42509.502 | D31: 42509.563 | F31: 25849 | G31: success | H31: 42509.562 | I31: single | J31: 87.416667 | K31: =OR(IF(J31<30,1,0),IF(J31>120,1,0)) -> FALSE
A32: 60655363 | B32: 3212863 | C32: 42585.886 | D32: 42585.949 | F32: 67856 | G32: success | H32: 42585.946 | I32: single | J32: 91.033333 | K32: =OR(IF(J32<30,1,0),IF(J32>120,1,0)) -> FALSE
A33: 148765721 | B33: 3359784 | C33: 42674.405 | D33: 42674.431 | F33: 96432 | G33: success | H33: 42674.42 | I33: single | J33: 37.25 | K33: =OR(IF(J33<30,1,0),IF(J33>120,1,0)) -> FALSE
A34: 8787726 | B34: 3442252 | C34: 42714.783 | D34: 42714.837 | F34: 58745 | G34: failed_by_student | H34: 42714.529 | I34: single | J34: 77.1 | K34: =OR(IF(J34<30,1,0),IF(J34>120,1,0)) -> FALSE
A35: 355869457 | B35: 3512712 | C35: 42744.8 | D35: 42744.841 | F35: 142140 | G35: success | H35: 42744.849 | I35: single | J35: 59.15 | K35: =OR(IF(J35<30,1,0),IF(J35>120,1,0)) -> FALSE
A36: 354313060 | B36: 3526322 | C36: 42752.845 | D36: 42752.95 | F36: 24333 | G36: success | H36: 42752.921 | I36: single | J36: 151.91667 | K36: =OR(IF(J36<30,1,0),IF(J36>120,1,0)) -> TRUE
A37: 527459900 | B37: 3602433 | C37: 42781.924 | D37: 42781.952 | F37: 72684 | G37: success | H37: 42781.96 | I37: single | J37: 39.916667 | K37: =OR(IF(J37<30,1,0),IF(J37>120,1,0)) -> FALSE
A38: 848130149 | B38: 3830803 | C38: 42858.498 | D38: 42858.509 | F38: 82975 | G38: success | H38: 42858.456 | I38: single | J38: 14.983333 | K38: =OR(IF(J38<30,1,0),IF(J38>120,1,0)) -> TRUE
A39: 117173613 | B39: 3915243 | C39: 42877.364 | D39: 42877.365 | F39: 322426 | G39: success | H39: 42877.352 | I39: single | J39: 0.78333334 | K39: =OR(IF(J39<30,1,0),IF(J39>120,1,0)) -> TRUE
A40: 381283784 | B40: 4082049 | C40: 42917.341 | D40: 42917.402 | F40: 52049 | G40: canceled_by_student | H40: 42918.452 | I40: single | J40: 86.85 | K40: =OR(IF(J40<30,1,0),IF(J40>120,1,0)) -> FALSE
A41: 346821870 | B41: 4265743 | C41: 42964.792 | D41: 42964.902 | F41: 158334 | G41: success | H41: 42964.908 | I41: single | J41: 158.73333 | K41: =OR(IF(J41<30,1,0),IF(J41>120,1,0)) -> TRUE
A42: 312890749 | B42: 4640298 | C42: 43047.439 | D42: 43047.497 | F42: 52940 | G42: success | H42: 43047.459 | I42: single | J42: 84.566667 | K42: =OR(IF(J42<30,1,0),IF(J42>120,1,0)) -> FALSE
... A58: 170537679 | B58: 3550829 | C58: 42761.395 | D58: 42761.415 | F58: 102026 | G58: success | H58: 42761.487 | I58: single | J58: 29.45 | K58: =OR(IF(J58<30,1,0),IF(J58>120,1,0)) -> TRUE
A59: 225922946 | B59: 3544200 | C59: 42762.512 | D59: 42762.557 | E59: 42758.558 | F59: 11331 | I59: single | J59: 64.816667 | K59: =OR(IF(J59<30,1,0),IF(J59>120,1,0)) -> FALSE
A60: 540568062 | B60: 3594802 | C60: 42779.434 | D60: 42779.517 | F60: 45420 | G60: success | H60: 42779.504 | I60: single | J60: 119.66667 | K60: =OR(IF(J60<30,1,0),IF(J60>120,1,0)) -> FALSE
A61: 360525108 | B61: 3612706 | C61: 42785.74 | D61: 42785.759 | F61: 209334 | G61: canceled_by_student | H61: 42785.821 | I61: single | J61: 26.866667 | K61: =OR(IF(J61<30,1,0),IF(J61>120,1,0)) -> TRUE
A62: 184811673 | B62: 3819498 | C62: 42851.399 | D62: 42851.415 | F62: 52017 | G62: success | H62: 42851.458 | I62: single | J62: 22.466667 | K62: =OR(IF(J62<30,1,0),IF(J62>120,1,0)) -> TRUE
A63: 591700300 | B63: 3953761 | C63: 42885.795 | D63: 42885.791 | F63: 72690 | G63: success | H63: 42885.869 | I63: single | J63: -4.7166667 | K63: =OR(IF(J63<30,1,0),IF(J63>120,1,0)) -> TRUE
A64: 293308683 | B64: 3965424 | C64: 42890.494 | D64: 42890.507 | F64: 52264 | G64: success | H64: 42890.514 | I64: single | J64: 18.683333 | K64: =OR(IF(J64<30,1,0),IF(J64>120,1,0)) -> TRUE
A65: 63547622 | B65: 4136889 | C65: 42936.363 | D65: 42936.383 | F65: 377798 | G65: success | H65: 42936.404 | I65: single | J65: 28.5 | K65: =OR(IF(J65<30,1,0),IF(J65>120,1,0)) -> TRUE
A66: 186789343 | B66: 4928825 | C66: 43090.442 | D66: 43090.447 | E66: 43090.117 | F66: 47996 | I66: single | J66: 6.9 | K66: =OR(IF(J66<30,1,0),IF(J66>120,1,0)) -> TRUE
A67: 804442294 | B67: 3080169 | C67: 42495.961 | D67: 42495.994 | E67: 42495.567 | F67: 49344 | I67: single | J67: 47.866667 | K67: =OR(IF(J67<30,1,0),IF(J67>120,1,0)) -> FALSE
A68: 24376279 | B68: 3244183 | C68: 42607.272 | D68: 42607.381 | F68: 55935 | G68: success | H68: 42607.418 | I68: single | J68: 156.8 | K68: =OR(IF(J68<30,1,0),IF(J68>120,1,0)) -> TRUE
A69: 800427496 | B69: 3338270 | C69: 42667.47 | D69: 42667.476 | F69: 44084 | G69: success | H69: 42667.539 | I69: single | J69: 9.5833333 | K69: =OR(IF(J69<30,1,0),IF(J69>120,1,0)) -> TRUE
A70: 564082971 | B70: 3423356 | C70: 42703.426 | D70: 42703.45 | F70: 25849 | G70: success | H70: 42703.52 | I70: single | J70: 34.25 | K70: =OR(IF(J70<30,1,0),IF(J70>120,1,0)) -> FALSE
A71: 360909499 | B71: 3539212 | C71: 42760.655 | D71: 42760.641 | F71: 27457 | G71: success | H71: 42761.27 | I71: single | J71: -21.4 | K71: =OR(IF(J71<30,1,0),IF(J71>120,1,0)) -> TRUE
A72: 646897024 | B72: 3730865 | C72: 42824.365 | D72: 42824.375 | F72: 15605 | G72: success | H72: 42824.426 | I72: single | J72: 14.483333 | K72: =OR(IF(J72<30,1,0),IF(J72>120,1,0)) -> TRUE
A73: 129358606 | B73: 3795802 | C73: 42849.399 | D73: 42849.424 | F73: 67832 | G73: success | H73: 42849.891 | I73: single | J73: 35.883333 | K73: =OR(IF(J73<30,1,0),IF(J73>120,1,0)) -> FALSE
A74: 1984910 | B74: 4471768 | C74: 43010.483 | D74: 43010.572 | F74: 52252 | G74: success | H74: 43010.617 | I74: single | J74: 127.35 | K74: =OR(IF(J74<30,1,0),IF(J74>120,1,0)) -> TRUE
A75: 206750300 | B75: 4646142 | C75: 43045.411 | D75: 43045.414 | F75: 81376 | G75: success | H75: 43045.473 | I75: single | J75: 4.3 | K75: =OR(IF(J75<30,1,0),IF(J75>120,1,0)) -> TRUE
A76: 129329224 | B76: 4818697 | C76: 43072.9 | D76: 43072.992 | E76: 43072.897 | F76: 44845 | G76: moved | H76: 43072.894 | I76: single | J76: 132.26667 | K76: =OR(IF(J76<30,1,0),IF(J76>120,1,0)) -> TRUE
A77: 184811673 | B77: 4805755 | C77: 43089.401 | D77: 43089.45 | E77: 43088.904 | F77: 52017 | I77: single | J77: 71.4 | K77: =OR(IF(J77<30,1,0),IF(J77>120,1,0)) -> FALSE
A78: 80564521 | B78: 2993416 | C78: 42428.412 | D78: 42428.447 | F78: 49340 | G78: canceled_by_teacher | H78: 42433.549 | I78: single | J78: 50.516667 | K78: =OR(IF(J78<30,1,0),IF(J78>120,1,0)) -> FALSE
A79: 557651982 | B79: 3017744 | C79: 42454.399 | D79: 42454.414 | E79: 42451.741 | F79: 52373 | I79: single | J79: 21.733333 | K79: =OR(IF(J79<30,1,0),IF(J79>120,1,0)) -> TRUE
A80: 459374225 | B80: 3299350 | C80: 42642.9 | D80: 42642.98 | F80: 74354 | G80: success | H80: 42644.721 | I80: single | J80: 114.21667 | K80: =OR(IF(J80<30,1,0),IF(J80>120,1,0)) -> FALSE
A81: 87589504 | B81: 3492978 | C81: 42744.63 | D81: 42744.642 | E81: 42732.53 | F81: 36469 | I81: single | J81: 17.516667 | K81: =OR(IF(J81<30,1,0),IF(J81>120,1,0)) -> TRUE
A82: 563931670 | B82: 3566538 | C82: 42767.764 | D82: 42767.847 | F82: 114405 | G82: success | H82: 42767.904 | I82: single | J82: 119.71667 | K82: =OR(IF(J82<30,1,0),IF(J82>120,1,0)) -> FALSE
A83: 656003767 | B83: 4904908 | C83: 43084.694 | D83: 43084.772 | F83: 37356 | G83: success | H83: 43084.763 | I83: single | J83: 112.81667 | K83: =OR(IF(J83<30,1,0),IF(J83>120,1,0)) -> FALSE
A84: 10967578 | B84: 3330794 | C84: 42657.772 | D84: 42657.761 | F84: 11331 | G84: failed_by_student | H84: 42657.765 | I84: single | J84: -16 | K84: =OR(IF(J84<30,1,0),IF(J84>120,1,0)) -> TRUE
A85: 61410489 | B85: 3344261 | C85: 42667.478 | D85: 42667.554 | E85: 42665.634 | F85: 93065 | G85: moved | H85: 42665.665 | I85: single | J85: 109 | K85: =OR(IF(J85<30,1,0),IF(J85>120,1,0)) -> FALSE
A86: 65200870 | B86: 3403108 | C86: 42693.409 | D86: 42693.404 | E86: 42693.37 | F86: 36833 | G86: moved | H86: 42693.319 | I86: single | J86: -7.0833333 | K86: =OR(IF(J86<30,1,0),IF(J86>120,1,0)) -> TRUE
A87: 59995492 | B87: 3464672 | C87: 42721.361 | D87: 42721.395 | F87: 52373 | G87: success | H87: 42721.452 | I87: single | J87: 48.1 | K87: =OR(IF(J87<30,1,0),IF(J87>120,1,0)) -> FALSE
A88: 12914313 | B88: 3542165 | C88: 42757.905 | D88: 42757.927 | F88: 104401 | G88: success | H88: 42757.932 | I88: single | J88: 32.666667 | K88: =OR(IF(J88<30,1,0),IF(J88>120,1,0)) -> FALSE
A89: 88267612 | B89: 3639799 | C89: 42794.791 | D89: 42794.86 | F89: 51916 | G89: success | H89: 42794.847 | I89: single | J89: 99.016667 | K89: =OR(IF(J89<30,1,0),IF(J89>120,1,0)) -> FALSE
A90: 136613856 | B90: 3671917 | C90: 42804.388 | D90: 42804.479 | F90: 53209 | G90: success | H90: 42804.46 | I90: single | J90: 130.76667 | K90: =OR(IF(J90<30,1,0),IF(J90>120,1,0)) -> TRUE
A91: 275505680 | B91: 3688796 | C91: 42811.927 | D91: 42811.969 | E91: 42812.368 | F91: 26745 | G91: moved | H91: 42812.361 | I91: single | J91: 61.366667 | K91: =OR(IF(J91<30,1,0),IF(J91>120,1,0)) -> FALSE
A92: 403450144 | B92: 3813412 | C92: 42849.394 | D92: 42849.382 | F92: 187138 | G92: success | H92: 42849.424 | I92: single | J92: -17.3 | K92: =OR(IF(J92<30,1,0),IF(J92>120,1,0)) -> TRUE
A93: 466793764 | B93: 3841863 | C93: 42859.311 | D93: 42859.327 | F93: 25947 | G93: success | H93: 42859.399 | I93: single | J93: 22 | K93: =OR(IF(J93<30,1,0),IF(J93>120,1,0)) -> TRUE
A94: 738831327 | B94: 3854910 | C94: 42865.465 | D94: 42865.479 | F94: 151440 | G94: success | H94: 42865.514 | I94: single | J94: 20.816667 | K94: =OR(IF(J94<30,1,0),IF(J94>120,1,0)) -> TRUE
A95: 170698811 | B95: 3977302 | C95: 42892.732 | D95: 42892.721 | F95: 68246 | G95: success | H95: 42892.862 | I95: single | J95: -15.783333 | K95: =OR(IF(J95<30,1,0),IF(J95>120,1,0)) -> TRUE
A96: 527669194 | B96: 4141888 | C96: 42936.662 | D96: 42936.688 | E96: 42934.504 | F96: 355897 | G96: moved | H96: 42934.507 | I96: single | J96: 37.283333 | K96: =OR(IF(J96<30,1,0),IF(J96>120,1,0)) -> FALSE
A97: 587725284 | B97: 4203072 | C97: 42951.38 | D97: 42951.486 | F97: 198903 | G97: success | H97: 42951.468 | I97: single | J97: 152.53333 | K97: =OR(IF(J97<30,1,0),IF(J97>120,1,0)) -> TRUE
A98: 224971923 | B98: 4398318 | C98: 42997.841 | D98: 42997.903 | F98: 37839 | G98: success | H98: 42997.889 | I98: single | J98: 89.083333 | K98: =OR(IF(J98<30,1,0),IF(J98>120,1,0)) -> FALSE
A99: 749433880 | B99: 3116336 | C99: 42522.852 | D99: 42522.924 | F99: 24628 | G99: success | H99: 42523.663 | I99: single | J99: 103.53333 | K99: =OR(IF(J99<30,1,0),IF(J99>120,1,0)) -> FALSE
A100: 679837738 | B100: 3250653 | C100: 42612.88 | D100: 42612.941 | F100: 24200 | G100: success | H100: 42612.989 | I100: single | J100: 89.2 | K100: =OR(IF(J100<30,1,0),IF(J100>120,1,0)) -> FALSE
A101: 1984910 | B101: 3471973 | C101: 42724.789 | D101: 42724.76 | F101: 52252 | G101: success | H101: 42724.826 | I101: single | J101: -42.15 | K101: =OR(IF(J101<30,1,0),IF(J101>120,1,0)) -> TRUE
A102: 540568062 | B102: 3674150 | C102: 42806.464 | D102: 42806.489 | F102: 45420 | G102: success | H102: 42806.542 | I102: single | J102: 35.366667 | K102: =OR(IF(J102<30,1,0),IF(J102>120,1,0)) -> FALSE
A103: 220631502 | B103: 3646105 | C103: 42806.869 | D103: 42806.855 | F103: 75621 | G103: success | H103: 42806.847 | I103: single | J103: -20.75 | K103: =OR(IF(J103<30,1,0),IF(J103>120,1,0)) -> TRUE
A104: 226432651 | B104: 4104629 | C104: 42926.457 | D104: 42926.47 | F104: 138589 | G104: success | H104: 42926.912 | I104: single | J104: 17.6 | K104: =OR(IF(J104<30,1,0),IF(J104>120,1,0)) -> TRUE
A105: 1984910 | B105: 4171135 | C105: 42944.502 | D105: 42944.596 | F105: 52252 | G105: canceled_by_student | H105: 42947.55 | I105: single | J105: 135.1 | K105: =OR(IF(J105<30,1,0),IF(J105>120,1,0)) -> TRUE
A106: 308736731 | B106: 3138661 | C106: 42535.743 | D106: 42535.752 | F106: 49215 | G106: success | H106: 42535.734 | I106: single | J106: 12.383333 | K106: =OR(IF(J106<30,1,0),IF(J106>120,1,0)) -> TRUE
A107: 65200870 | B107: 3366145 | C107: 42677.744 | D107: 42677.825 | F107: 36833 | G107: success | H107: 42677.803 | I107: single | J107: 116.91667 | K107: =OR(IF(J107<30,1,0),IF(J107>120,1,0)) -> FALSE
A108: 508646386 | B108: 3432530 | C108: 42709.754 | D108: 42709.802 | F108: 72198 | G108: success | H108: 42709.861 | I108: single | J108: 68.566667 | K108: =OR(IF(J108<30,1,0),IF(J108>120,1,0)) -> FALSE
A109: 559009247 | B109: 3487677 | C109: 42733.837 | D109: 42733.905 | F109: 55264 | G109: success | H109: 42734.7 | I109: single | J109: 97.766667 | K109: =OR(IF(J109<30,1,0),IF(J109>120,1,0)) -> FALSE
A110: 253099073 | B110: 3451538 | C110: 42733.851 | D110: 42733.844 | E110: 42726.831 | F110: 152504 | I110: single | J110: -9.6 | K110: =OR(IF(J110<30,1,0),IF(J110>120,1,0)) -> TRUE
A111: 65200870 | B111: 3565749 | C111: 42771.811 | D111: 42771.818 | F111: 45890 | G111: success | H111: 42771.82 | I111: single | J111: 10.85 | K111: =OR(IF(J111<30,1,0),IF(J111>120,1,0)) -> TRUE
A112: 77864324 | B112: 3774429 | C112: 42837.337 | D112: 42837.403 | F112: 204887 | G112: success | H112: 42837.453 | I112: single | J112: 94.966667 | K112: =OR(IF(J112<30,1,0),IF(J112>120,1,0)) -> FALSE
A113: 184811673 | B113: 4533766 | C113: 43034.388 | D113: 43034.426 | F113: 52017 | G113: success | H113: 43034.49 | I113: single | J113: 53.416667 | K113: =OR(IF(J113<30,1,0),IF(J113>120,1,0)) -> FALSE
A114: 129329224 | B114: 4724633 | C114: 43069.391 | D114: 43069.461 | E114: 43070.721 | F114: 44845 | G114: moved | H114: 43070.728 | I114: single | J114: 101.36667 | K114: =OR(IF(J114<30,1,0),IF(J114>120,1,0)) -> FALSE
A115: 184811673 | B115: 3206398 | C115: 42594.448 | D115: 42594.468 | E115: 42585.892 | F115: 52017 | I115: single | J115: 28.666667 | K115: =OR(IF(J115<30,1,0),IF(J115>120,1,0)) -> TRUE
...
